Date and Time,"Hydro-only, KtCO2e","Estimated, KtCO2e","Coal-only, KtCO2e"
2021-12-12 00:00:00,0.037274999999999996,0.8955135950105599,1.776775
2021-12-13 00:00:00,0.0369831,0.8885008406608997,1.7628611
2021-12-14 00:00:00,0.0372078,0.8938991479660339,1.7735718
2021-12-15 00:00:00,0.037632,0.9040903449346048,1.7937919999999998
2021-12-16 00:00:00,0.0380184,0.9133734154406298,1.8122103999999999
2021-12-17 00:00:00,0.038115,0.9156941830671359,1.816815
2021-12-18 00:00:00,0.0381402,0.9162996007088332,1.8180162
2021-12-19 00:00:00,0.0382872,0.9198312036187339,1.8250232000000002
2021-12-20 00:00:00,0.038577,0.9267935064982528,1.838837
2021-12-21 00:00:00,0.0387849,0.9317882020422553,1.8487469
2021-12-22 00:00:00,0.038925600000000005,0.9351684505417317,1.8554536000000001
2021-12-23 00:00:00,0.0389277,0.9352189020118733,1.8555537
2021-12-24 00:00:00,0.0390936,0.9392045681530469,1.8634616000000002
2021-12-25 00:00:00,0.039324599999999994,0.9447542298686055,1.8744726
2021-12-26 00:00:00,0.0395976,0.9513129209869926,1.8874856
2021-12-27 00:00:00,0.0402171,0.9661961046787173,1.9170151
2021-12-28 00:00:00,0.040404,0.9706862855213055,1.925924
2021-12-29 00:00:00,0.040389299999999996,0.9703331252303155,1.9252233
2021-12-30 00:00:00,0.0405132,0.9733097619686604,1.9311292
2021-12-31 00:00:00,0.0404838,0.9726034413866803,1.9297278
2022-01-01 00:00:00,0.0403431,0.9585576371854065,1.9230211
2022-01-02 00:00:00,0.0402066,0.9553143783015873,1.9165146
2022-01-03 00:00:00,0.0397971,0.9455846016501296,1.8969951
2022-01-04 00:00:00,0.039696300000000004,0.9431895797051554,1.8921903
2022-01-05 00:00:00,0.0396774,0.9427405130904728,1.8912893999999998
2022-01-06 00:00:00,0.039689999999999996,0.9430398908335944,1.89189
2022-01-07 00:00:00,0.0397635,0.9447862610018049,1.8953935
2022-01-08 00:00:00,0.0397236,0.9438382314819191,1.8934916000000002
2022-01-09 00:00:00,0.0397257,0.9438881277724395,1.8935917
2022-01-10 00:00:00,0.0396732,0.942640720509432,1.8910892
2022-01-11 00:00:00,0.0395997,0.9408943503412216,1.8875857
2022-01-12 00:00:00,0.0395451,0.939597046787694,1.8849831
2022-01-13 00:00:00,0.0394716,0.9378506766194837,1.8814795999999998
2022-01-14 00:00:00,0.0395199,0.9389982913014505,1.8837819
2022-01-15 00:00:00,0.0397404,0.9442374018060815,1.8942924
2022-01-16 00:00:00,0.0398601,0.9470814903657384,1.8999981
2022-01-17 00:00:00,0.0399987,0.950374645540078,1.9066047000000002
2022-01-18 00:00:00,0.0401163,0.9531688378092146,1.9122103
2022-01-19 00:00:00,0.0401499,0.9539671784575394,1.9138119
2022-01-20 00:00:00,0.0402927,0.9573601262129193,1.9206187
2022-01-21 00:00:00,0.039971400000000004,0.9497259937633141,1.9053034
2022-01-22 00:00:00,0.039851700000000004,0.9468819052036573,1.8995977
2022-01-23 00:00:00,0.0398622,0.9471313866562586,1.9000982
2022-01-24 00:00:00,0.0398412,0.9466324237510557,1.8990972
2022-01-25 00:00:00,0.040103700000000006,0.9528694600660927,1.9116097
2022-01-26 00:00:00,0.0403851,0.9595555629958125,1.9250231000000002
2022-01-27 00:00:00,0.041315399999999995,0.9816596196963036,1.9693674
2022-01-28 00:00:00,0.0426531,1.0134435567577322,2.0331311
2022-01-29 00:00:00,0.043646399999999995,1.0370445021738322,2.0804784
2022-01-30 00:00:00,0.0442491,1.051364737553157,2.1092071
2022-01-31 00:00:00,0.0445809,1.059248351455364,2.1250229
2022-02-01 00:00:00,0.042833699999999995,1.0177346377424774,2.0417397
2022-02-02 00:00:00,0.0429156,1.0196805930727693,2.0456436
2022-02-03 00:00:00,0.041884500000000005,0.9951815144273038,1.9964945
2022-02-04 00:00:00,0.0417312,0.9915390852193222,1.9891872000000002
2022-02-05 00:00:00,0.041391,0.9834558861550341,1.972971
2022-02-06 00:00:00,0.0411117,0.9768196795158348,1.9596577
2022-02-07 00:00:00,0.0410004,0.7212245270611379,1.9543523999999999
2022-02-08 00:00:00,0.042831600000000004,0.7532454595649521,2.0416396
2022-02-09 00:00:00,0.0429198,0.7525716547009715,2.0458438
2022-02-10 00:00:00,0.04333769999999999,0.760529531551155,2.0657636999999998
2022-02-11 00:00:00,0.042903000000000004,0.7545143719359148,2.045043
2022-02-12 00:00:00,0.04333769999999999,0.7711515206714955,2.0657636999999998
2022-02-13 00:00:00,0.04300589999999999,0.7348300052136745,2.0499479
2022-02-14 00:00:00,0.04257329999999999,0.7435565500631999,2.0293273
2022-02-15 00:00:00,0.0422961,0.7388412248585937,2.0161141
2022-02-16 00:00:00,0.04208189999999999,0.7339993015424278,2.0059039
2022-02-17 00:00:00,0.0419139,0.7298567487260559,1.9978959
2022-02-18 00:00:00,0.041745899999999996,0.7319036348811047,1.9898879
2022-02-19 00:00:00,0.040992,0.7179893204517682,1.953952
2022-02-20 00:00:00,0.0412734,0.7212732070544082,1.9673653999999998
2022-02-21 00:00:00,0.0417585,0.7306673103719801,1.9904884999999999
2022-02-22 00:00:00,0.04203779999999999,0.7350062813181678,2.0038017999999997
2022-02-23 00:00:00,0.04236119999999999,0.7412171966648528,2.0192172
2022-02-24 00:00:00,0.042470400000000005,0.7437326968174652,2.0244224
2022-02-25 00:00:00,0.0425355,0.7467813946621689,2.0275255
2022-02-26 00:00:00,0.042629999999999994,0.7480784361038513,2.03203
2022-02-27 00:00:00,0.04274549999999999,0.7509147923437454,2.0375354999999997
2022-02-28 00:00:00,0.04283789999999999,0.7523704460410989,2.0419399
2022-03-01 00:00:00,0.0429114,0.7554899944992444,2.0454434
2022-03-02 00:00:00,0.04291349999999999,0.7562528640360124,2.0455435
2022-03-03 00:00:00,0.0429009,0.7563944328725992,2.0449429
2022-03-04 00:00:00,0.0429681,0.7579320107234646,2.0481461
2022-03-05 00:00:00,0.0431613,0.7607294917908157,2.0573553
2022-03-06 00:00:00,0.0433125,0.7633948054169435,2.0645625
2022-03-07 00:00:00,0.0435162,0.7642348164285478,2.0742722
2022-03-08 00:00:00,0.043755600000000006,0.7711467139437306,2.0856836000000003
2022-03-09 00:00:00,0.0440706,0.7777022502899312,2.1006986000000003
2022-03-10 00:00:00,0.0445725,0.7884574976328759,2.1246225
2022-03-11 00:00:00,0.0449862,0.7963164824491432,2.1443422
2022-03-12 00:00:00,0.0454377,0.8059533545348501,2.1658637
2022-03-13 00:00:00,0.0457002,0.8086684415494786,2.1783762
2022-03-14 00:00:00,0.0459039,0.8125399333673767,2.1880859
2022-03-15 00:00:00,0.0460383,0.8150374098041864,2.1944923
2022-03-16 00:00:00,0.0460089,0.8098065974774828,2.1930909
2022-03-17 00:00:00,0.0459522,0.8113898375360055,2.1903881999999997
2022-03-18 00:00:00,0.0458829,0.8089126977685612,2.1870849
2022-03-19 00:00:00,0.0456456,0.8058253288836992,2.1757736
2022-03-20 00:00:00,0.0455154,0.8038121167828493,2.1695674
2022-03-21 00:00:00,0.045418799999999995,0.80048653111531,2.1649627999999996
2022-03-22 00:00:00,0.0453852,0.8006948905286282,2.1633611999999998
2022-03-23 00:00:00,0.0454062,0.8013077841781486,2.1643622000000002
2022-03-24 00:00:00,0.0453915,0.7980932484407045,2.1636615000000003
2022-03-25 00:00:00,0.0453705,0.7993970319647293,2.1626605
2022-03-26 00:00:00,0.045507,0.8049192404782415,2.169167
2022-03-27 00:00:00,0.0456078,0.803091411510006,2.1739718
2022-03-29 00:00:00,0.0468888,0.8290038950623415,2.2350328
2022-03-30 00:00:00,0.046977,0.8322347958785447,2.239237
2022-03-31 00:00:00,0.0467964,0.8266774433444639,2.2306284
2022-04-01 00:00:00,0.046676699999999995,0.8267965603164229,2.2249227
2022-04-02 00:00:00,0.0464373,0.81868143947418,2.2135113
2022-04-03 00:00:00,0.046284,0.8177098992998383,2.206204
2022-04-04 00:00:00,0.0468384,0.8292070958217521,2.2326304
2022-04-05 00:00:00,0.046143300000000005,0.8133249589586163,2.1994973
2022-04-06 00:00:00,0.046153799999999995,0.8102447059789659,2.1999978000000002
2022-04-07 00:00:00,0.0462252,0.8172134073462052,2.2034011999999996
2022-04-08 00:00:00,0.046187399999999997,0.8136463054319724,2.2015994
2022-04-09 00:00:00,0.0462021,0.8120029295832272,2.2023001
2022-04-10 00:00:00,0.04625460000000001,0.8134583985537593,2.2048026
2022-05-17 00:00:00,0.047726700000000004,0.839433775717336,2.2749726999999997
2022-05-18 00:00:00,0.0473697,0.8308626170150513,2.2579557
2022-05-19 00:00:00,0.0476469,0.8319848082397368,2.2711689
2022-05-20 00:00:00,0.0483945,0.84152264035321,2.3068045
2022-05-21 00:00:00,0.049182000000000003,0.8560570961536724,2.344342
2022-05-22 00:00:00,0.0497658,0.8708366015920223,2.3721698
2022-05-23 00:00:00,0.0504819,0.8830793485213606,2.4063038999999997
2022-05-24 00:00:00,0.0499275,0.8712026323041906,2.3798775
2022-05-27 00:00:00,0.0518742,0.9128490879484744,2.4726702
2022-05-28 00:00:00,0.050484,0.8717961555773597,2.406404
2022-05-29 00:00:00,0.0494025,0.8508682578178991,2.3548525
2022-05-30 00:00:00,0.0483357,0.8314701840776434,2.3040016999999997
2022-05-31 00:00:00,0.0483378,0.8356076832899014,2.3041017999999998
2022-06-01 00:00:00,0.0474684,0.8245744218723903,2.2626604
2022-06-02 00:00:00,0.0474222,0.8224011286816096,2.2604582
2022-06-03 00:00:00,0.0445746,0.7704247794488454,2.1247226
2022-06-04 00:00:00,0.0451059,0.7836752315474805,2.1500479
2022-06-05 00:00:00,0.045712800000000005,0.7912736223588307,2.1789768
2022-06-06 00:00:00,0.0461076,0.7995975534181091,2.1977956
2022-06-07 00:00:00,0.04544189999999999,0.7872997636569369,2.1660639
2022-06-08 00:00:00,0.0457653,0.7936429717721666,2.1814793
2022-06-09 00:00:00,0.0454251,0.788318653597734,2.1652631
2022-06-10 00:00:00,0.0458262,0.7981651288453478,2.1843822
2022-06-11 00:00:00,0.0463953,0.8102621049154038,2.2115093000000003
2022-06-12 00:00:00,0.0467817,0.8153574471066588,2.2299277
2022-06-13 00:00:00,0.0472059,0.8199910642365721,2.2501479
2022-06-14 00:00:00,0.047833799999999996,0.8307548049773777,2.2800778
2022-06-15 00:00:00,0.048268500000000006,0.8382592574551492,2.3007985
2022-06-16 00:00:00,0.0485688,0.8451096929604333,2.3151128
2022-06-17 00:00:00,0.0490182,0.8528497388502385,2.3365342
2022-06-18 00:00:00,0.049289099999999995,0.8542657215293424,2.3494471
2022-06-19 00:00:00,0.0496377,0.8636978102577834,2.3660637
2022-06-20 00:00:00,0.0500094,0.871367216130455,2.3837813999999997
2022-06-21 00:00:00,0.0501753,0.8716148174118109,2.3916893
2022-06-22 00:00:00,0.0504777,0.8785165650287481,2.4061037
2022-06-23 00:00:00,0.0506751,0.8833550905827108,2.4155131
2022-06-24 00:00:00,0.050649900000000005,0.8831928814171535,2.4143119
2022-06-25 00:00:00,0.0506646,0.8853999976740152,2.4150126
2022-06-26 00:00:00,0.0506079,0.8831697137298933,2.4123099000000003
2022-06-27 00:00:00,0.0507465,0.8878761370917767,2.4189165
2022-06-28 00:00:00,0.0508536,0.8839057893327388,2.4240216
2022-06-29 00:00:00,0.0509943,0.8904427426429149,2.4307283
2022-06-30 00:00:00,0.051181199999999996,0.8912644355182234,2.4396372
2022-07-01 00:00:00,0.051300899999999997,0.8934408700420496,2.4453429
2022-07-02 00:00:00,0.0513891,0.8950514834995115,2.4495470999999998
2022-07-03 00:00:00,0.0514815,0.8970126569800617,2.4539515
2022-07-04 00:00:00,0.0513912,0.8929448929466307,2.4496472
2022-07-05 00:00:00,0.051456299999999996,0.8955484277879221,2.4527503
2022-07-06 00:00:00,0.0513933,0.8954808633040126,2.4497473
2022-07-07 00:00:00,0.051307200000000004,0.8920931870660802,2.4456432
2022-07-08 00:00:00,0.0512673,0.8938907092325412,2.4437413
2022-07-09 00:00:00,0.0514206,0.8974095626721253,2.4510486
2022-07-10 00:00:00,0.0515319,0.8974894444979242,2.4563539
2022-07-11 00:00:00,0.0515172,0.9010586973356141,2.4556532
2022-07-12 00:00:00,0.0513723,0.8947103851976964,2.4487463
2022-07-13 00:00:00,0.0513555,0.8940662094792166,2.4479455
2022-07-14 00:00:00,0.051300899999999997,0.8923639811741502,2.4453429
2022-07-15 00:00:00,0.0513933,0.8949795039806561,2.4497473
2022-07-16 00:00:00,0.0506562,0.850398378106442,2.4146122
2022-07-17 00:00:00,0.0498414,0.8384552553673366,2.3757734
2022-07-18 00:00:00,0.0491988,0.8288569735952498,2.3451428
2022-07-19 00:00:00,0.0485436,0.8196598302576661,2.3139116
2022-07-20 00:00:00,0.0477288,0.8040653495427432,2.2750728
2022-07-21 00:00:00,0.0470043,0.7904770981972469,2.2405383000000003
2022-07-22 00:00:00,0.0462966,0.7865351109052561,2.2068046
2022-07-23 00:00:00,0.046116,0.7853958963499297,2.198196
2022-07-24 00:00:00,0.0458262,0.782441152441799,2.1843822
2022-07-25 00:00:00,0.045565800000000004,0.7805407771387,2.1719698
2022-07-26 00:00:00,0.045353700000000004,0.7765066416178099,2.1618597
2022-07-27 00:00:00,0.0452613,0.7766365241052969,2.1574553
2022-07-28 00:00:00,0.0452781,0.7777339373471442,2.1582561
2022-07-29 00:00:00,0.044900100000000005,0.7714359234344234,2.1402381
2022-07-30 00:00:00,0.0447069,0.7693959647219557,2.1310289
2022-07-31 00:00:00,0.0447951,0.7683232280469297,2.1352330999999998
2022-08-01 00:00:00,0.0448581,0.7689859120339142,2.1382361
2022-08-02 00:00:00,0.0449358,0.7731944324227111,2.1419398000000003
2022-08-03 00:00:00,0.0449694,0.7742095412832113,2.1435414
2022-08-04 00:00:00,0.044900100000000005,0.7766926080842138,2.1402381
2022-08-05 00:00:00,0.0451668,0.7805395025426276,2.1529508
2022-08-06 00:00:00,0.045423000000000005,0.7845895138794932,2.165163
2022-08-07 00:00:00,0.0456687,0.7892648801618368,2.1768747
2022-08-08 00:00:00,0.045843,0.7917703929583758,2.185183
2022-08-09 00:00:00,0.0460089,0.7984593664047127,2.1930909
2022-08-10 00:00:00,0.0461601,0.7991537625652665,2.2002981
2022-08-11 00:00:00,0.0463806,0.8007178881061915,2.2108086
2022-08-12 00:00:00,0.046588500000000005,0.8075295817311108,2.2207185
2022-08-13 00:00:00,0.046731299999999996,0.8125492247575399,2.2275253
2022-08-14 00:00:00,0.046893000000000004,0.8139190059725298,2.235233
2022-08-15 00:00:00,0.047021099999999996,0.8177504685822871,2.2413391000000003
2022-08-16 00:00:00,0.0471093,0.8184755610058878,2.2455433
2022-08-17 00:00:00,0.0472395,0.8234531594112818,2.2517495
2022-08-18 00:00:00,0.0468489,0.816230941016858,2.2331309
2022-08-19 00:00:00,0.0463806,0.807631262887516,2.2108086
2022-08-20 00:00:00,0.0466725,0.8078679786669332,2.2247225
2022-08-21 00:00:00,0.0460362,0.7919268867876864,2.1943922
2022-08-22 00:00:00,0.0450324,0.7676222751357978,2.1465444000000002
2022-08-23 00:00:00,0.044646,0.7585057953700187,2.1281260000000004
2022-08-24 00:00:00,0.0441483,0.7541654841680573,2.1044023000000003
2022-08-25 00:00:00,0.044429699999999996,0.7610514513052467,2.1178157
2022-08-26 00:00:00,0.044709000000000006,0.7635859374146748,2.131129
2022-08-27 00:00:00,0.044400300000000004,0.7641231179159594,2.1164142999999997
2022-08-28 00:00:00,0.0450135,0.780027109886643,2.1456435000000003
2022-08-29 00:00:00,0.046153799999999995,0.8035404513167208,2.1999978000000002
2022-08-30 00:00:00,0.0466956,0.8174067388537182,2.2258236
2022-08-31 00:00:00,0.0472899,0.8232866984401123,2.2541518999999997
2022-09-01 00:00:00,0.0477918,0.8363439888254175,2.2780758
2022-09-02 00:00:00,0.048476399999999996,0.8473152948676462,2.3107083999999998
2022-09-03 00:00:00,0.0493311,0.8729227525632219,2.3514491
2022-09-04 00:00:00,0.0501102,0.8785025566991407,2.3885862
2022-09-05 00:00:00,0.0506688,0.8934768564480395,2.4152128
2022-09-06 00:00:00,0.0524412,0.9208178600658984,2.4996972
2022-09-07 00:00:00,0.0528045,0.935091819430584,2.5170145
2022-09-08 00:00:00,0.0522564,0.9209031959667194,2.4908884
2022-09-09 00:00:00,0.0508158,0.8842592656453627,2.4222197999999997
2022-09-10 00:00:00,0.048845999999999994,0.8509700603755683,2.328326
2022-09-11 00:00:00,0.0469014,0.8187346627168203,2.2356334
2022-09-12 00:00:00,0.044982,0.7864641769567177,2.144142
2022-09-13 00:00:00,0.042306600000000014,0.7437178662565741,2.0166146000000005
2022-09-14 00:00:00,0.0425649,0.7560894733834934,2.0289269
2022-09-15 00:00:00,0.041262900000000005,0.7470124908342355,1.9668649
2022-09-16 00:00:00,0.0412713,0.7188121265447085,1.9672653
2022-09-17 00:00:00,0.042995399999999996,0.7492006047587616,2.0494474
2022-09-18 00:00:00,0.0445242,0.7816862322145413,2.1223202000000003
2022-09-19 00:00:00,0.046231499999999995,0.8128446480123745,2.2037015
2022-09-20 00:00:00,0.0469266,0.8204454857104508,2.2368346000000003
2022-09-21 00:00:00,0.046991700000000004,0.830240876965075,2.2399377
2022-09-22 00:00:00,0.0491652,0.8674079489027482,2.3435412
2022-09-23 00:00:00,0.0506163,0.8931419293726596,2.4127103
2022-09-24 00:00:00,0.050935499999999995,0.9014047729508898,2.4279254999999997
2022-09-25 00:00:00,0.051460500000000006,0.9082670021510731,2.4529505
2022-09-26 00:00:00,0.052311,0.9225379184930375,2.493491
2022-09-27 00:00:00,0.0535101,0.9420518470327274,2.5506481
2022-09-28 00:00:00,0.0540099,0.9530761529354016,2.5744719
2022-09-29 00:00:00,0.054576900000000005,0.9700793259198593,2.6014989
2022-09-30 00:00:00,0.0554127,0.9781203066973542,2.6413387
2022-10-01 00:00:00,0.0561729,0.9886762276712637,2.6775749
2022-10-02 00:00:00,0.0568617,1.0054507536533157,2.7104077
2022-10-03 00:00:00,0.0573069,1.011976947818948,2.7316289
2022-10-04 00:00:00,0.0578235,1.0221616901789876,2.7562534999999997
2022-10-05 00:00:00,0.058157400000000005,1.0261524647313545,2.7721694
2022-10-06 00:00:00,0.059394300000000004,1.0479766664131331,2.8311283
2022-10-07 00:00:00,0.0600852,1.0597928623087427,2.8640612
2022-10-08 00:00:00,0.061160400000000004,1.0768723221885563,2.9153124
2022-10-09 00:00:00,0.0619962,1.0923406753029992,2.9551522
2022-10-10 00:00:00,0.0619689,1.0898087899639939,2.9538509
2022-10-11 00:00:00,0.0621852,1.0957475383444548,2.9641612
2022-10-12 00:00:00,0.0623091,1.0983188555562555,2.9700671
2022-10-13 00:00:00,0.060589199999999996,1.077464679345968,2.8880852
2022-10-14 00:00:00,0.060249000000000004,1.0675017198946395,2.8718690000000002
2022-10-15 00:00:00,0.0590898,1.049043224248323,2.8166138000000003
2022-10-16 00:00:00,0.0583338,1.0381585067205596,2.7805778
2022-10-17 00:00:00,0.058149,1.0326655322548748,2.771769
2022-10-18 00:00:00,0.0580293,1.031124992081401,2.7660633
2022-10-19 00:00:00,0.0578067,1.0260284762152316,2.7554526999999998
2022-10-20 00:00:00,0.058602600000000005,1.0363103895938157,2.7933906000000004
2022-10-21 00:00:00,0.058779000000000005,1.0417336409749922,2.801799
2022-10-22 00:00:00,0.059177999999999994,1.0520972765797711,2.820818
2022-10-23 00:00:00,0.0586614,1.0424722871075833,2.7961934
2022-10-24 00:00:00,0.0581427,1.0413560157250052,2.7714687
2022-10-25 00:00:00,0.0574476,1.0240218153829066,2.7383356
2022-10-26 00:00:00,0.0567924,1.0150433470378142,2.7071044
2022-10-27 00:00:00,0.0566013,1.0096667783036897,2.6979953
2022-10-28 00:00:00,0.0561015,0.9988049699820508,2.6741715
2022-10-29 00:00:00,0.0555828,0.9900659036662366,2.6494468
2022-10-30 00:00:00,0.055773899999999994,0.9947130575923679,2.6585558999999996
2022-10-31 00:00:00,0.0562086,1.0031579051338384,2.6792766
2022-11-01 00:00:00,0.056710500000000004,1.0106326041412634,2.7032005
2022-11-02 00:00:00,0.0574497,1.0265744015789902,2.7384357
2022-11-03 00:00:00,0.0577458,1.0372088772144414,2.7525497999999997
2022-11-04 00:00:00,0.0579495,1.0425382760624498,2.7622595000000003
2022-11-05 00:00:00,0.0584031,1.0522240723725331,2.7838811
2022-11-06 00:00:00,0.058275,1.0405706275902293,2.777775
2022-11-07 00:00:00,0.0579516,1.0348705209699842,2.7623596
2022-11-08 00:00:00,0.0577584,1.0307481585699703,2.7531504
2022-11-09 00:00:00,0.0574119,1.0246253582112208,2.7366338999999997
2022-11-10 00:00:00,0.056853299999999996,1.012278462659707,2.7100073
2022-11-11 00:00:00,0.0566475,1.0120418163164806,2.7001975000000003
2022-11-12 00:00:00,0.055891500000000004,0.9989067587423228,2.6641615
2022-11-13 00:00:00,0.055933500000000004,1.0021440019712107,2.6661635
2022-11-14 00:00:00,0.0569268,1.018110170751123,2.7135108
2022-11-15 00:00:00,0.0580125,1.0431966524580085,2.7652625
2022-11-16 00:00:00,0.0579516,1.0347939775606567,2.7623596
2022-11-17 00:00:00,0.0584577,1.045087154582584,2.7864837000000002
2022-11-18 00:00:00,0.0587181,1.0482740754157944,2.7988961
2022-11-19 00:00:00,0.0591696,1.058553508429024,2.8204176000000003
2022-11-20 00:00:00,0.059501399999999996,1.064449193392107,2.8362334000000002
2022-11-21 00:00:00,0.0591087,1.0556862487100214,2.8175147000000003
2022-11-22 00:00:00,0.0585669,1.045056956411952,2.7916889
2022-11-23 00:00:00,0.0588819,1.0298909644784233,2.8067039
2022-11-24 00:00:00,0.0590457,1.0303699039390604,2.8145117
2022-11-25 00:00:00,0.0587832,1.0306176122264985,2.8019992
2022-11-26 00:00:00,0.058688699999999996,1.027477054749478,2.7974947
2022-11-27 00:00:00,0.0584535,1.024805684031746,2.7862835
2022-11-28 00:00:00,0.058222499999999996,1.0229011596637059,2.7752725000000003
2022-11-29 00:00:00,0.0575463,1.006673092663638,2.7430403
2022-11-30 00:00:00,0.0574938,1.0046421737300804,2.7405378000000002
2022-12-01 00:00:00,0.056954099999999994,0.994886441463119,2.7148121
2022-12-02 00:00:00,0.0569898,0.9949742657962304,2.7165138
2022-12-03 00:00:00,0.0565488,0.9856850694219831,2.6954928
2022-12-04 00:00:00,0.0563052,0.9809817646337479,2.6838811999999996
2022-12-05 00:00:00,0.0559377,0.9729319942454361,2.6663637
2022-12-06 00:00:00,0.0558957,0.9718529378410818,2.6643616999999997
2022-12-07 00:00:00,0.0555807,0.969732509549846,2.6493467
2022-12-08 00:00:00,0.055496699999999996,0.967886815044049,2.6453427
2022-12-09 00:00:00,0.0555639,0.9669123600200367,2.6485459000000002
2022-12-10 00:00:00,0.055616399999999996,0.9647024150200703,2.6510484
2022-12-11 00:00:00,0.05565,0.9646947295031588,2.65265
2022-12-12 00:00:00,0.0559209,0.9719780115974748,2.6655629
2022-12-13 00:00:00,0.055864199999999996,0.9694115789213327,2.6628602
2022-12-14 00:00:00,0.056174999999999996,0.9756295165334036,2.6776750000000002
2022-12-15 00:00:00,0.0563199,0.977667649213211,2.6845819
2022-12-16 00:00:00,0.0561708,0.9745838334715028,2.6774748
2022-12-17 00:00:00,0.0563976,0.977438266766318,2.6882856
2022-12-18 00:00:00,0.056542499999999996,0.9794378409902615,2.6951925
2022-12-19 00:00:00,0.0567042,0.9849934328702459,2.7029002
2022-12-20 00:00:00,0.0568491,0.9856346701249074,2.7098071
2022-12-21 00:00:00,0.056586599999999994,0.9819193753502788,2.6972946
2022-12-22 00:00:00,0.0568302,0.9877938430553717,2.7089062
2022-12-23 00:00:00,0.056742,0.9839940689916132,2.704702
2022-12-24 00:00:00,0.056620199999999996,0.9821287730421363,2.6988962
2022-12-25 00:00:00,0.0571872,0.9976509981780258,2.7259232
2022-12-26 00:00:00,0.0560217,0.9580234636171456,2.6703677
2022-12-27 00:00:00,0.0551334,0.9416710692812315,2.6280254
2022-12-28 00:00:00,0.0550053,0.949891531205364,2.6219193
2022-12-29 00:00:00,0.0535941,0.9228003376581174,2.5546520999999998
2022-12-30 00:00:00,0.0534303,0.9206951474505743,2.5468443
2022-12-31 00:00:00,0.0532812,0.9200083577392236,2.5397372000000003
2023-01-01 00:00:00,0.0525,0.9066676905258068,2.5025
2023-01-02 00:00:00,0.0534513,0.9230566977872389,2.5478453
2023-01-03 00:00:00,0.0544278,0.9399265995678376,2.5943918
2023-01-04 00:00:00,0.054572699999999995,0.9415931755365323,2.6012986999999996
2023-01-05 00:00:00,0.0555576,0.9574452338669748,2.6482456
2023-01-06 00:00:00,0.0555849,0.9571719022523728,2.6495469
2023-01-07 00:00:00,0.0558999,0.9651538741585245,2.6645619000000003
2023-01-08 00:00:00,0.0562107,0.9704809290299119,2.6793766999999997
2023-01-09 00:00:00,0.0561813,0.9706200104559181,2.6779753
2023-01-10 00:00:00,0.0560238,0.9658910486107681,2.6704678
2023-01-11 00:00:00,0.055618499999999994,0.9656855583350014,2.6511484999999997
2023-01-12 00:00:00,0.055818,0.9693104458951294,2.6606579999999997
2023-01-13 00:00:00,0.0559713,0.9700574500055331,2.6679652999999997
2023-01-14 00:00:00,0.0558264,0.9670723275061178,2.6610584
2023-01-15 00:00:00,0.055595399999999996,0.9626822828115799,2.6500474
2023-01-16 00:00:00,0.0551061,0.9508374464776601,2.6267241
2023-01-17 00:00:00,0.0540918,0.924100898925702,2.5783758
2023-01-18 00:00:00,0.0530628,0.8996231324053316,2.5293267999999998
2023-01-19 00:00:00,0.052890599999999996,0.9195606384785077,2.5211186
2023-01-20 00:00:00,0.0521808,0.9037432812911106,2.4872848
2023-01-21 00:00:00,0.051462600000000004,0.8908851188835075,2.4530506
2023-01-22 00:00:00,0.0507507,0.87899710312839,2.4191167
2023-01-23 00:00:00,0.050261400000000005,0.8698717597785333,2.3957934
2023-01-24 00:00:00,0.050240400000000004,0.8709049435553041,2.3947923999999996
2023-01-25 00:00:00,0.051345,0.8938371638985747,2.447445
2023-01-26 00:00:00,0.0512568,0.8885594957746574,2.4432408
2023-01-27 00:00:00,0.0516327,0.8909635744078435,2.4611587
2023-01-28 00:00:00,0.051985500000000004,0.8965028300351423,2.4779755
2023-01-29 00:00:00,0.052451700000000004,0.904202962106455,2.5001977
2023-01-30 00:00:00,0.0529032,0.9126695262147897,2.5217192
2023-01-31 00:00:00,0.0533988,0.9208704251797043,2.5453428
2023-02-01 00:00:00,0.053829300000000004,0.9342888425977288,2.5658633
2023-02-02 00:00:00,0.0541149,0.9391029941488417,2.5794769
2023-02-03 00:00:00,0.0543879,0.9431019409933104,2.5924899
2023-02-04 00:00:00,0.0544467,0.9441502810031875,2.5952927
2023-02-05 00:00:00,0.0544152,0.9441258813771779,2.5937912
2023-02-06 00:00:00,0.054396299999999995,0.9448688988970187,2.5928903
2023-02-07 00:00:00,0.054453,0.9467276945410198,2.595593
2023-02-08 00:00:00,0.054520200000000005,0.9528171971135353,2.5987962000000002
2023-02-09 00:00:00,0.0545811,0.9539789553645804,2.6016991
2023-02-10 00:00:00,0.0546147,0.9522812801950572,2.6033006999999997
2023-02-11 00:00:00,0.054831000000000005,0.9566263482332102,2.6136109999999997
2023-02-12 00:00:00,0.0547995,0.9518708141088958,2.6121095
2023-02-13 00:00:00,0.0548436,0.952459728478853,2.6142116
2023-02-14 00:00:00,0.054831000000000005,0.9521394205230093,2.6136109999999997
2023-02-15 00:00:00,0.054117,0.9431906743125054,2.579577
2023-02-16 00:00:00,0.0541632,0.9490085696534634,2.5817792
2023-02-17 00:00:00,0.0544089,0.9535364892710745,2.5934909
2023-02-18 00:00:00,0.054711300000000004,0.9597877806954148,2.6079053
2023-02-19 00:00:00,0.054986400000000005,0.9607525085061732,2.6210184
2023-02-20 00:00:00,0.0551481,0.9610777975368832,2.6287260999999997
2023-02-21 00:00:00,0.055332900000000004,0.9647037596649272,2.6375349
2023-02-22 00:00:00,0.0555282,0.9657781263715186,2.6468442
2023-02-23 00:00:00,0.0546987,0.9509857441209083,2.6073047000000003
2023-02-24 00:00:00,0.0540015,0.9386758764580163,2.5740715
2023-02-25 00:00:00,0.0539952,0.9440039392601505,2.5737712
2023-02-26 00:00:00,0.0542745,0.948412587000465,2.5870845
2023-02-27 00:00:00,0.0542913,0.9447669007864276,2.5878853
2023-02-28 00:00:00,0.0543627,0.9446754962411856,2.5912887000000002
2023-03-01 00:00:00,0.0543333,0.9447102612795053,2.5898873
2023-03-02 00:00:00,0.0545454,0.9487379096553783,2.5999974000000003
2023-03-03 00:00:00,0.0554211,0.9702746793825829,2.6417390999999997
2023-03-04 00:00:00,0.0555513,0.9706818305954544,2.6479453
2023-03-05 00:00:00,0.0556395,0.9724651223648372,2.6521495
2023-03-06 00:00:00,0.0629748,1.1017285944104143,3.0017988
2023-03-07 00:00:00,0.0707406,1.2378704609431586,3.3719686
2023-03-08 00:00:00,0.0788025,1.377989219354606,3.7562525
2023-03-09 00:00:00,0.08726759999999999,1.524626925654322,4.1597555999999996
2023-03-10 00:00:00,0.095109,1.6646487600173083,4.533529000000001
2023-03-11 00:00:00,0.10322339999999999,1.807192815752082,4.920315400000001
2023-03-12 00:00:00,0.111636,1.9501914119832864,5.3213159999999995
2023-03-13 00:00:00,0.113232,1.9845092523063084,5.397392
2023-03-14 00:00:00,0.11490779999999999,2.01395179953621,5.4772718000000005
2023-03-15 00:00:00,0.116193,2.0365257906259515,5.538533
2023-03-16 00:00:00,0.1171086,2.0524055697345016,5.5821765999999995
2023-03-17 00:00:00,0.1178646,2.0699098516834606,5.6182126
2023-03-18 00:00:00,0.118797,2.07874358359841,5.662657
2023-03-19 00:00:00,0.11946899999999999,2.0960543642537184,5.694689
2023-03-20 00:00:00,0.1202523,2.106380988002077,5.7320263
2023-03-21 00:00:00,0.12091800000000001,2.1211452200286947,5.763758
2023-03-22 00:00:00,0.12191759999999999,2.1344724517415368,5.8114056
2023-03-23 00:00:00,0.1230894,2.15018460348396,5.8672614
2023-03-24 00:00:00,0.1243305,2.179193918504898,5.9264205
2023-03-25 00:00:00,0.1254792,2.1979957332834656,5.9811752
2023-03-26 00:00:00,0.1265607,2.2160197118780216,6.0327267
2023-03-27 00:00:00,0.1274238,2.2285689400675297,6.0738678
2023-03-28 00:00:00,0.1280916,2.237871589870552,6.1056996
2023-03-29 00:00:00,0.129108,2.260591811389127,6.154148
2023-03-30 00:00:00,0.1298913,2.2733612281734152,6.1914853
2023-03-31 00:00:00,0.13006559999999998,2.2818788756108876,6.1997936
2023-04-01 00:00:00,0.1302168,2.276784845919196,6.207000799999999
2023-04-02 00:00:00,0.1306977,2.288803566592772,6.2299237000000005
2023-04-03 00:00:00,0.1310421,2.2913877945359054,6.2463401
2023-04-04 00:00:00,0.1312836,2.298933630146046,6.2578516
2023-04-05 00:00:00,0.13102950000000002,2.292915463750687,6.2457395
2023-04-06 00:00:00,0.1310232,2.2916235743667595,6.2454392
2023-04-07 00:00:00,0.1318485,2.3101499326556443,6.284778500000001
2023-04-08 00:00:00,0.1327179,2.3245562030622526,6.3262199
2023-04-09 00:00:00,0.1337868,2.349019237235718,6.3771708
2023-04-10 00:00:00,0.1349313,2.3622395736741053,6.4317253
2023-04-11 00:00:00,0.13575030000000002,2.384429511997014,6.4707643
2023-04-12 00:00:00,0.1370355,2.4024343433972914,6.5320255
2023-04-13 00:00:00,0.1365084,2.3996438319524724,6.5069004
2023-04-14 00:00:00,0.1321152,2.2997225013177705,6.2974912000000005
2023-04-15 00:00:00,0.1278858,2.2290491430093473,6.0958898
2023-04-16 00:00:00,0.1232028,2.1474794475125414,5.8726668
2023-04-17 00:00:00,0.11877599999999999,2.07228957704823,5.661656
2023-04-18 00:00:00,0.1153803,2.0193976097455417,5.4997943
2023-04-19 00:00:00,0.1117977,1.9584848192847797,5.3290237
2023-04-20 00:00:00,0.1102206,1.9352232639189384,5.2538486
2023-04-21 00:00:00,0.1125579,1.9869067600204213,5.3652599
2023-04-22 00:00:00,0.1143345,2.0217303848616797,5.4499445
2023-04-23 00:00:00,0.11620140000000001,2.051988338964878,5.5389333999999995
2023-04-24 00:00:00,0.1186311,2.0984238601178244,5.6547491
2023-04-25 00:00:00,0.1201179,2.1242033291372144,5.7256199
2023-04-26 00:00:00,0.1218609,2.1523127771678237,5.8087029
2023-04-27 00:00:00,0.1231608,2.175269411582508,5.870664799999999
2023-04-28 00:00:00,0.1240743,2.192782389471494,5.9142083
2023-04-29 00:00:00,0.1253091,2.215509155156135,5.973067100000001
2023-04-30 00:00:00,0.126714,2.2431283736606544,6.0400339999999995
2023-05-01 00:00:00,0.1274805,2.2542610866771717,6.0765705
2023-05-02 00:00:00,0.128688,2.2761429549088543,6.134128
2023-05-03 00:00:00,0.129297,2.2842066589377663,6.163157
2023-05-04 00:00:00,0.1297989,2.2939530720317105,6.1870809
2023-05-05 00:00:00,0.1303197,2.3017852831909535,6.2119057
2023-05-06 00:00:00,0.1303512,2.308557395206733,6.2134072
2023-05-07 00:00:00,0.1299039,2.2929080354656435,6.1920859
2023-05-08 00:00:00,0.1295301,2.29617126746877,6.1742681
2023-05-09 00:00:00,0.12881610000000002,2.276575576557035,6.1402341
2023-05-10 00:00:00,0.1280328,2.2668400767320245,6.102896800000001
2023-05-11 00:00:00,0.1271571,2.2455953571627507,6.0611551
2023-05-12 00:00:00,0.1277598,2.26471828406152,6.0898838
2023-05-13 00:00:00,0.12903030000000001,2.290670089965733,6.1504443
2023-05-14 00:00:00,0.1308153,2.320458790903755,6.2355293000000005
2023-05-15 00:00:00,0.13188419999999998,2.3365574917734575,6.2864802
2023-05-16 00:00:00,0.1332576,2.3631282864599292,6.3519456
2023-05-17 00:00:00,0.1354458,2.40730143755586,6.456249799999999
2023-05-18 00:00:00,0.1381443,2.4534769325648846,6.584878300000001
2023-05-19 00:00:00,0.1392846,2.472060635213224,6.639232600000001
2023-05-20 00:00:00,0.1395408,2.4870378173075847,6.6514448
2023-05-21 00:00:00,0.1399041,2.482078457871301,6.6687621
2023-05-22 00:00:00,0.1411095,2.5110128220948895,6.7262195
2023-05-23 00:00:00,0.14187180000000002,2.5211066051153668,6.7625558
2023-05-24 00:00:00,0.14197890000000002,2.522295403833263,6.7676609
2023-05-25 00:00:00,0.14203559999999998,2.521771734920289,6.7703636
2023-05-26 00:00:00,0.1420104,2.5161936502056084,6.7691624
2023-05-27 00:00:00,0.14190960000000002,2.514712939863285,6.7643576
2023-05-28 00:00:00,0.141393,2.5040786367902794,6.739733
2023-05-29 00:00:00,0.14069579999999998,2.495213597272094,6.7064998
2023-05-30 00:00:00,0.13970670000000002,2.47274077775951,6.6593527
2023-05-31 00:00:00,0.1390473,2.471322723325688,6.6279213
2023-06-01 00:00:00,0.1380477,2.4500352029699264,6.580273699999999
2023-06-02 00:00:00,0.1370565,2.421195729971543,6.5330265
2023-06-03 00:00:00,0.1366722,2.4283923921657466,6.5147082
2023-06-04 00:00:00,0.1365651,2.4120207013709796,6.5096031000000005
2023-06-05 00:00:00,0.1356159,2.403299042306235,6.4643578999999995
2023-06-06 00:00:00,0.1354479,2.3899633682987282,6.4563499
2023-06-07 00:00:00,0.134631,2.387099824923663,6.417411
2023-06-08 00:00:00,0.1347276,2.3788152972705485,6.4220156
2023-06-09 00:00:00,0.13485149999999999,2.3899468659325143,6.4279215
2023-06-10 00:00:00,0.13417949999999998,2.3649273994559787,6.3958895
2023-06-11 00:00:00,0.1333794,2.361150264558381,6.3577514
2023-06-12 00:00:00,0.133938,2.3743709416224075,6.384378
2023-06-13 00:00:00,0.1339254,2.3737544240756105,6.3837774
2023-06-14 00:00:00,0.1342971,2.3747292531896607,6.4014951
2023-06-15 00:00:00,0.1337322,2.3681324855663606,6.3745682
2023-06-16 00:00:00,0.13336889999999998,2.3467049613928306,6.3572509
2023-06-17 00:00:00,0.1333416,2.353212200959557,6.3559496
2023-06-18 00:00:00,0.1334298,2.3583700671056755,6.3601538
2023-06-19 00:00:00,0.1328145,2.34142905034473,6.330824499999999
2023-06-20 00:00:00,0.1328187,2.3441644527673153,6.3310246999999995
2023-06-21 00:00:00,0.13266540000000002,2.3398917957057814,6.3237174000000005
2023-06-22 00:00:00,0.1323021,2.341392540723306,6.306400099999999
2023-06-23 00:00:00,0.13206479999999998,2.3301303785994407,6.2950888
2023-06-24 00:00:00,0.1322769,2.3316006677597767,6.305198900000001
2023-06-25 00:00:00,0.1330497,2.357183120489348,6.3420357
2023-06-26 00:00:00,0.133749,2.368366858124682,6.375369
2023-06-27 00:00:00,0.1339107,2.362048516794669,6.383076699999999
2023-06-28 00:00:00,0.13422569999999998,2.388734619364987,6.3980917
2023-06-29 00:00:00,0.13467089999999998,2.389658877940521,6.4193128999999995
2023-06-30 00:00:00,0.13570410000000002,2.408684150698438,6.4685621
2023-07-01 00:00:00,0.1361514,2.421865076506315,6.4898834
2023-07-02 00:00:00,0.1356453,2.4103770519930303,6.465759299999999
2023-07-03 00:00:00,0.1352778,2.3964676345073355,6.4482418
2023-07-04 00:00:00,0.134883,2.3915625199136668,6.429423
2023-07-05 00:00:00,0.13438319999999998,2.3821248033601057,6.405599199999999
2023-07-06 00:00:00,0.1343097,2.3701032958810146,6.4020957
2023-07-07 00:00:00,0.1325352,2.3473104806502176,6.3175112
2023-07-08 00:00:00,0.1315713,2.3317595104469446,6.2715653
2023-07-09 00:00:00,0.1302357,2.307172191185657,6.207901700000001
2023-07-10 00:00:00,0.128058,2.2624623038392686,6.104098
2023-07-11 00:00:00,0.1270038,2.2481980994391506,6.0538478
2023-07-12 00:00:00,0.1273167,2.255764001545943,6.068762700000001
2023-07-13 00:00:00,0.12749939999999998,2.261007471020155,6.0774714
2023-07-14 00:00:00,0.1292991,2.2930196911833045,6.1632571
2023-07-15 00:00:00,0.1312584,2.3290031324413856,6.256650400000001
2023-07-16 00:00:00,0.1339443,2.3741906401881265,6.384678299999999
2023-07-17 00:00:00,0.1377453,2.4443555056857944,6.5658593000000005
2023-07-18 00:00:00,0.1398978,2.4788913923118314,6.6684618
2023-07-19 00:00:00,0.141204,2.503893535546684,6.730724
2023-07-20 00:00:00,0.1424451,2.5247521863041635,6.7898831
2023-07-21 00:00:00,0.14212799999999998,2.5235054010200244,6.774768
2023-07-22 00:00:00,0.1414938,2.5073798397119154,6.7445378
2023-07-23 00:00:00,0.1406223,2.5036748939218323,6.7029963
2023-07-24 00:00:00,0.1392636,2.4715282187915895,6.6382316
2023-07-25 00:00:00,0.1380309,2.449378899198632,6.5794729
2023-07-26 00:00:00,0.135912,2.403714987411192,6.478472
2023-07-27 00:00:00,0.1333332,2.3588727518389514,6.3555492000000005
2023-07-28 00:00:00,0.131964,2.3372596404789894,6.290284
2023-07-29 00:00:00,0.1302672,2.3084735523645663,6.2094032
2023-07-30 00:00:00,0.12796559999999998,2.2715485410114242,6.099693599999999
2023-07-31 00:00:00,0.1258278,2.227317185965214,5.9977918
2023-08-01 00:00:00,0.1243998,2.2045148299480806,5.9297238
2023-08-02 00:00:00,0.1232028,2.1839201032194926,5.8726668
2023-08-03 00:00:00,0.1224321,2.166900871599616,5.8359301
2023-08-04 00:00:00,0.1214598,2.1433277069953474,5.7895838
2023-08-05 00:00:00,0.1204413,2.120142565231531,5.741035299999999
2023-08-06 00:00:00,0.11996040000000001,2.100235428193708,5.7181124
2023-08-07 00:00:00,0.1198155,2.106798539315026,5.7112055
2023-08-08 00:00:00,0.1193346,2.093002183058668,5.6882826
2023-08-09 00:00:00,0.1192989,2.099865525817685,5.6865809
2023-08-10 00:00:00,0.1194165,2.102774309661491,5.6921865
2023-08-11 00:00:00,0.1197063,2.114552670951537,5.7060002999999995
2023-08-12 00:00:00,0.1198134,2.111023823407463,5.7111054
2023-08-13 00:00:00,0.1203867,2.115616389524294,5.738432700000001
2023-08-14 00:00:00,0.1209495,2.1356141010451437,5.7652595
2023-08-15 00:00:00,0.1217433,2.1440910525348293,5.8030973
2023-08-16 00:00:00,0.1226463,2.156946893017154,5.8461403
2023-08-17 00:00:00,0.123795,2.197379578029168,5.900895
2023-08-18 00:00:00,0.1238874,2.1918867512338625,5.9052994
2023-08-19 00:00:00,0.12440609999999999,2.1900081130602804,5.9300241
2023-08-20 00:00:00,0.1244397,2.1929889722921954,5.9316257
2023-08-21 00:00:00,0.12457410000000001,2.196422690237758,5.9380321
2023-08-22 00:00:00,0.124278,2.192522292095972,5.923918
2023-08-23 00:00:00,0.1241394,2.192754139730905,5.9173114
2023-08-24 00:00:00,0.1266762,2.2389940034692843,6.0382322
2023-08-25 00:00:00,0.1298031,2.295313052735014,6.1872811
2023-08-26 00:00:00,0.1332219,2.359636310795099,6.350243900000001
2023-08-27 00:00:00,0.13717410000000002,2.4233892213382022,6.5386321
2023-08-28 00:00:00,0.13983269999999998,2.4629902928311846,6.6653587
2023-08-29 00:00:00,0.1435161,2.5390846141147865,6.8409341
2023-08-30 00:00:00,0.1463406,2.582814334403589,6.9755686
2023-08-31 00:00:00,0.1464603,2.584574493110692,6.9812743
2023-09-01 00:00:00,0.1465128,2.5880441359473543,6.983776799999999
2023-09-02 00:00:00,0.1465086,2.5873831336824575,6.9835766
2023-09-03 00:00:00,0.1462671,2.5766819961000342,6.9720651
2023-09-04 00:00:00,0.1474956,2.605270343025478,7.0306236
2023-09-05 00:00:00,0.1477938,2.604209239106651,7.0448378
2023-09-06 00:00:00,0.1487346,2.625497435078072,7.0896826
2023-09-07 00:00:00,0.1496103,2.654319039870807,7.1314243
2023-09-08 00:00:00,0.1506981,2.668680958807397,7.1832761
2023-09-09 00:00:00,0.1514772,2.688926885744921,7.2204132
2023-09-10 00:00:00,0.1523781,2.6975389192609502,7.2633561
2023-09-11 00:00:00,0.1522647,2.6968792143864126,7.2579507
2023-09-12 00:00:00,0.15327690000000002,2.713808580158167,7.3061989
2023-09-13 00:00:00,0.1536192,2.719217562004328,7.3225152
2023-09-14 00:00:00,0.15344909999999998,2.714298447362553,7.3144071
2023-09-15 00:00:00,0.1530984,2.6987635315206693,7.2976904000000005
2023-09-16 00:00:00,0.1525251,2.6901481468449893,7.2703631
2023-09-17 00:00:00,0.15157589999999999,2.6844109033880184,7.2251179
2023-09-18 00:00:00,0.15086609999999998,2.661172697408247,7.1912841
2023-09-19 00:00:00,0.1499379,2.6501427449984503,7.147039899999999
2023-09-20 00:00:00,0.1494885,2.647040956712337,7.1256185
2023-09-21 00:00:00,0.1495137,2.6444012185007484,7.1268197
2023-09-22 00:00:00,0.1501773,2.660743783553235,7.158451299999999
2023-09-23 00:00:00,0.1509795,2.664387303160239,7.196689500000001
2023-09-24 00:00:00,0.1518216,2.681538219148014,7.2368296
2023-09-25 00:00:00,0.1530249,2.702384798155471,7.2941869
2023-09-26 00:00:00,0.1534323,2.7105589286562703,7.3136063
2023-09-27 00:00:00,0.1540308,2.7173910724720804,7.3421348
2023-09-28 00:00:00,0.1544466,2.719761201537033,7.3619546
2023-09-29 00:00:00,0.1544088,2.723905768407065,7.3601528
2023-09-30 00:00:00,0.1545222,2.734715214113749,7.365558200000001
2023-10-01 00:00:00,0.15425550000000002,2.724720737970378,7.3528455
2023-10-02 00:00:00,0.15388169999999998,2.7160769755844405,7.3350276999999995
2023-10-03 00:00:00,0.15323699999999998,2.7182056003505832,7.304296999999999
2023-10-04 00:00:00,0.1525986,2.691784884170776,7.2738666
2023-10-05 00:00:00,0.15116220000000002,2.6662103949401765,7.205398199999999
2023-10-06 00:00:00,0.1495725,2.630635114031934,7.1296225
2023-10-07 00:00:00,0.1481487,2.612987657335742,7.061754700000001
2023-10-08 00:00:00,0.1467648,2.584210237896586,6.995788800000001
2023-10-09 00:00:00,0.14520660000000002,2.5554415042269047,6.9215146
2023-10-10 00:00:00,0.14473830000000001,2.55356570707865,6.899192299999999
2023-10-11 00:00:00,0.1440789,2.5399621413469626,6.8677609
2023-10-12 00:00:00,0.1436694,2.5348808433631587,6.8482414
2023-10-13 00:00:00,0.1438941,2.5303664773402845,6.858952100000001
2023-10-14 00:00:00,0.1437639,2.526977694827492,6.8527458999999995
2023-10-15 00:00:00,0.1445178,2.5506259605866273,6.8886818000000005
2023-10-16 00:00:00,0.1454502,2.5594244462908406,6.933126199999999
2023-10-17 00:00:00,0.14562450000000002,2.5710695443994953,6.941434500000001
2023-10-18 00:00:00,0.1463091,2.579401129235736,6.9740671
2023-10-19 00:00:00,0.1473381,2.6018740421914144,7.0231161
2023-10-20 00:00:00,0.14864850000000002,2.6189140834676374,7.0855785
2023-10-21 00:00:00,0.14991059999999998,2.6426096572745017,7.1457386
2023-10-22 00:00:00,0.1510341,2.661497318298831,7.1992921
2023-10-23 00:00:00,0.15201689999999998,2.68256889419098,7.2461389
2023-10-24 00:00:00,0.15304589999999998,2.701982751026641,7.2951879
2023-10-25 00:00:00,0.1537851,2.717220167388748,7.3304231
2023-10-26 00:00:00,0.1551438,2.7387798703527664,7.3951877999999995
2023-10-27 00:00:00,0.1553202,2.7454601535582595,7.4035962
2023-10-28 00:00:00,0.1559187,2.7533408439505163,7.4321247
2023-10-29 00:00:00,0.15615600000000002,2.751191409783353,7.443435999999999
2023-10-30 00:00:00,0.15665790000000002,2.7645335936952486,7.4673599
2023-10-31 00:00:00,0.1575609,2.7782832402812336,7.5104029
2023-11-01 00:00:00,0.1583379,2.8005875083676033,7.5474399000000005
2023-11-02 00:00:00,0.15870330000000002,2.8080684107582465,7.5648573
2023-11-03 00:00:00,0.1594698,2.810078839690776,7.601393799999999
2023-11-04 00:00:00,0.1598184,2.817614275685325,7.6180104
2023-11-05 00:00:00,0.1603203,2.8321169176200622,7.6419343
2023-11-06 00:00:00,0.1601649,2.8184938154123578,7.6345269
2023-11-07 00:00:00,0.1599969,2.820680779326201,7.6265189
2023-11-08 00:00:00,0.1594782,2.8169374446108137,7.6017942000000005
2023-11-09 00:00:00,0.1589994,2.7925690599932853,7.5789714
2023-11-10 00:00:00,0.1584345,2.7940354991318967,7.5520445
2023-11-11 00:00:00,0.1579389,2.7735930000536797,7.5284209
2023-11-12 00:00:00,0.1569897,2.7660000911027045,7.483175699999999
2023-11-13 00:00:00,0.1569561,2.760312284550574,7.4815741
2023-11-14 00:00:00,0.15666839999999999,2.753599043604582,7.467860399999999
2023-11-15 00:00:00,0.1568049,2.750264199418862,7.4743669
2023-11-16 00:00:00,0.1564521,2.7507354193768228,7.457550100000001
2023-11-17 00:00:00,0.1565067,2.746380482038569,7.4601527
2023-11-18 00:00:00,0.156933,2.7634774586548763,7.480473
2023-11-19 00:00:00,0.1574076,2.7674756034977177,7.5030956
2023-11-20 00:00:00,0.1571682,2.7629228680462252,7.4916842
2023-11-21 00:00:00,0.1570107,2.7602166164058866,7.4841767
2023-11-22 00:00:00,0.1564185,2.7446395235378924,7.455948500000001
2023-11-23 00:00:00,0.1559985,2.7390987793556376,7.4359285
2023-11-24 00:00:00,0.1543668,2.693118412519714,7.358150800000001
2023-11-25 00:00:00,0.1530669,2.674411801274244,7.2961889
2023-11-26 00:00:00,0.1521681,2.6660835404375343,7.2533461
2023-11-27 00:00:00,0.15173759999999997,2.659389124154856,7.2328256
2023-11-28 00:00:00,0.1514751,2.651198362353111,7.2203131
2023-11-29 00:00:00,0.1505532,2.637340022041734,7.1763692
2023-11-30 00:00:00,0.1497027,2.6187691356582423,7.1358287
2023-12-01 00:00:00,0.14963130000000002,2.623667308703939,7.1324252999999995
2023-12-02 00:00:00,0.1487094,2.6088300983161825,7.0884814
2023-12-03 00:00:00,0.1479618,2.5904318715772514,7.0528458
2023-12-04 00:00:00,0.147126,2.5826636519846673,7.013006000000001
2023-12-05 00:00:00,0.1464645,2.568236408200473,6.9814745
2023-12-06 00:00:00,0.14690340000000002,2.58666303068238,7.0023954
2023-12-07 00:00:00,0.14715119999999998,2.572823552847338,7.0142071999999995
2023-12-08 00:00:00,0.1473633,2.587815058712274,7.0243173
2023-12-09 00:00:00,0.1480899,2.5952653086025816,7.0589519
2023-12-10 00:00:00,0.14858760000000001,2.597806277551046,7.0826756
2023-12-11 00:00:00,0.1492596,2.598444811804298,7.1147076
2023-12-12 00:00:00,0.1490727,2.5941963214019284,7.1057987
2023-12-13 00:00:00,0.1487493,2.5897696511569133,7.0903833
2023-12-14 00:00:00,0.1485813,2.585663026527477,7.0823753
2023-12-15 00:00:00,0.1479933,2.5843729651979697,7.054347300000001
2023-12-16 00:00:00,0.1476258,2.565279228087736,7.0368298000000005
2023-12-17 00:00:00,0.1467417,2.5555403835746398,6.9946877
2023-12-18 00:00:00,0.1461537,2.541323063068864,6.9666597
2023-12-19 00:00:00,0.1460487,2.5372695119646886,6.9616547
2023-12-20 00:00:00,0.1457064,2.5277089727827406,6.9453384
2023-12-21 00:00:00,0.145656,2.5213424246862166,6.9429359999999996
2023-12-22 00:00:00,0.14575049999999998,2.527827429480113,6.9474405
2023-12-23 00:00:00,0.145698,2.535260072096388,6.9449380000000005
2023-12-24 00:00:00,0.14630279999999998,2.5392235930000835,6.9737668
2023-12-25 00:00:00,0.1459752,2.5400683353952367,6.9581512000000005
2023-12-26 00:00:00,0.1456896,2.5281899986934064,6.944537599999999
2023-12-27 00:00:00,0.1455762,2.525283820815374,6.9391322
2023-12-28 00:00:00,0.1450176,2.516430953452818,6.9125056
2023-12-29 00:00:00,0.1449903,2.5119900681163854,6.9112043000000005
2023-12-30 00:00:00,0.14462909999999998,2.501808964443313,6.8939871
2023-12-31 00:00:00,0.1439613,2.492585965558077,6.8621553
2024-01-01 00:00:00,0.1437639,2.4935269393142017,6.8527458999999995
2024-01-02 00:00:00,0.14340270000000002,2.491428076113605,6.8355287
2024-01-03 00:00:00,0.14299320000000001,2.478894748467935,6.816009200000001
2024-01-04 00:00:00,0.14255430000000002,2.470086518399534,6.795088300000001
2024-01-05 00:00:00,0.1422813,2.465487195508504,6.782075300000001
2024-01-06 00:00:00,0.1419285,2.46665177035095,6.7652585
2024-01-07 00:00:00,0.1414917,2.454622528258669,6.744437700000001
2024-01-08 00:00:00,0.14101499999999997,2.445189778734626,6.7217150000000006
2024-01-09 00:00:00,0.1413468,2.4436631177687165,6.7375308
2024-01-10 00:00:00,0.1413972,2.4440834452768616,6.7399332
2024-01-11 00:00:00,0.14139510000000002,2.444083565575125,6.7398331
2024-01-12 00:00:00,0.1418865,2.460993149892448,6.763256500000001
2024-01-13 00:00:00,0.14245349999999998,2.4582564268905784,6.790283499999999
2024-01-14 00:00:00,0.14315909999999998,2.4688917035255376,6.8239171
2024-01-15 00:00:00,0.1437471,2.4868181044128077,6.8519451
2024-01-16 00:00:00,0.14359170000000002,2.483513361833819,6.8445377
2024-01-17 00:00:00,0.1429995,2.473600733340623,6.8163095
2024-01-18 00:00:00,0.1432032,2.4741263534549645,6.826019199999999
2024-01-19 00:00:00,0.1424241,2.468574479286731,6.7888820999999995
2024-01-20 00:00:00,0.1420524,2.4603856322574695,6.7711644
2024-01-21 00:00:00,0.141057,2.4427094717389477,6.723717
2024-01-22 00:00:00,0.1411284,2.4427375026945493,6.7271204
2024-01-23 00:00:00,0.1408617,2.439145086637686,6.7144077
2024-01-24 00:00:00,0.14127959999999998,2.441933549034763,6.734327599999999
2024-01-25 00:00:00,0.1413741,2.452127717709532,6.7388321
2024-01-26 00:00:00,0.14141820000000002,2.4396193179452337,6.7409342
2024-01-27 00:00:00,0.14133,2.4436674443501305,6.73673
2024-01-28 00:00:00,0.1415631,2.4545939143903452,6.7478411
2024-01-29 00:00:00,0.1409394,2.4373683564862976,6.7181114
2024-01-30 00:00:00,0.1405173,2.4369471625634413,6.6979913
2024-01-31 00:00:00,0.1400112,2.422019370006051,6.6738672
2024-02-01 00:00:00,0.13921950000000002,2.4043941416600276,6.6361295
2024-02-02 00:00:00,0.13838999999999999,2.3916640404067637,6.59659
2024-02-03 00:00:00,0.1373883,2.374258505905856,6.5488423000000004
2024-02-04 00:00:00,0.136689,2.358865076472094,6.515509
2024-02-05 00:00:00,0.135597,2.3417521837429267,6.463457
2024-02-06 00:00:00,0.13479480000000002,2.3264909642876943,6.4252188
2024-02-07 00:00:00,0.13407239999999998,2.3137479486453603,6.390784399999999
2024-02-08 00:00:00,0.1333815,2.3034585749839342,6.3578515
2024-02-09 00:00:00,0.13162379999999999,2.271186830653531,6.2740678
2024-02-10 00:00:00,0.1299606,2.2396131768794856,6.1947886
2024-02-11 00:00:00,0.1279572,2.2096751501709533,6.0992932
2024-02-12 00:00:00,0.1262457,2.1846200723390257,6.0177116999999996
2024-02-13 00:00:00,0.1245993,2.151714283961447,5.9392333
2024-02-14 00:00:00,0.1231062,2.1293954900469,5.868062200000001
2024-02-15 00:00:00,0.1216635,2.1069295351408055,5.7992935
2024-02-16 00:00:00,0.12158580000000001,2.1010983262567406,5.7955898
2024-02-17 00:00:00,0.1215039,2.099063104179473,5.7916859
2024-02-18 00:00:00,0.1218777,2.1052226549973745,5.8095037000000005
2024-02-19 00:00:00,0.1219302,2.104664452135479,5.8120062
2024-02-20 00:00:00,0.1221507,2.1124173109383344,5.8225167
2024-02-21 00:00:00,0.1225791,2.1206415553152698,5.8429371
2024-02-22 00:00:00,0.12300119999999999,2.1261954821188027,5.8630572
2024-02-23 00:00:00,0.12362909999999999,2.1365428786187572,5.8929871
2024-02-24 00:00:00,0.1239966,2.1429733641643196,5.9105046
2024-02-25 00:00:00,0.1241814,2.149851290952679,5.9193134
2024-02-26 00:00:00,0.1252062,2.1625440895692583,5.9681622
2024-02-27 00:00:00,0.1251327,2.1539600806023764,5.9646587
2024-02-28 00:00:00,0.1246056,2.1470104762764035,5.9395336
2024-02-29 00:00:00,0.1246056,2.1546868729953745,5.9395336
2024-03-01 00:00:00,0.1239924,2.134755745896737,5.9103044
2024-03-02 00:00:00,0.1237404,2.1331847343045807,5.8982924
2024-03-03 00:00:00,0.12354720000000001,2.134725717393899,5.8890832
2024-03-04 00:00:00,0.1234296,2.1343017271776503,5.8834776
2024-03-05 00:00:00,0.1240743,2.1421314533929494,5.9142083
2024-03-06 00:00:00,0.1245678,2.153986914190894,5.9377318
2024-03-07 00:00:00,0.1243116,2.1506966448997176,5.925519599999999
2024-03-08 00:00:00,0.1248429,2.1585105123789847,5.9508449
2024-03-09 00:00:00,0.1253154,2.1604912660907063,5.9733674
2024-03-10 00:00:00,0.12613649999999998,2.1821612643914503,6.012506500000001
2024-03-11 00:00:00,0.1265355,2.1831880928498233,6.0315255
2024-03-12 00:00:00,0.1271991,2.2008580250791763,6.063157100000001
2024-03-13 00:00:00,0.1262856,2.1905527038811816,6.0196136
2024-03-14 00:00:00,0.1238475,2.14831083401901,5.9033975
2024-03-15 00:00:00,0.1217916,2.0949232107428015,5.805399599999999
2024-03-16 00:00:00,0.11965590000000001,2.053301491338314,5.7035979
2024-03-17 00:00:00,0.1171065,2.0134778623500114,5.5820765
2024-03-18 00:00:00,0.1144983,1.973337633919329,5.4577523
2024-03-19 00:00:00,0.1119636,1.9266167229128046,5.3369316
2024-03-20 00:00:00,0.1113861,1.9157335031374583,5.3094041
2024-03-21 00:00:00,0.11285819999999999,1.9440781494961605,5.3795742
2024-03-22 00:00:00,0.1135155,1.9564238527273485,5.4109055
2024-03-23 00:00:00,0.1141245,1.9671972981879007,5.439934500000001
2024-03-24 00:00:00,0.11483639999999999,1.9799286719062004,5.473868400000001
2024-03-25 00:00:00,0.1154727,1.9900085482570493,5.5041987
2024-03-26 00:00:00,0.1158948,1.9960180531282057,5.5243188
2024-03-27 00:00:00,0.1160586,1.9970528586496428,5.5321266
2024-03-28 00:00:00,0.116214,1.9984607490691226,5.539534
2024-03-29 00:00:00,0.11628959999999999,1.9976032972133162,5.5431376
2024-03-30 00:00:00,0.1163022,2.001375208207253,5.5437382
2024-03-31 00:00:00,0.1163211,1.9973533167023652,5.5446391
2024-04-01 00:00:00,0.1162455,1.9965975955373743,5.5410355
2024-04-02 00:00:00,0.11596200000000001,1.9939854178627157,5.527522
2024-04-03 00:00:00,0.11572679999999999,1.992085042474462,5.5163108
2024-04-04 00:00:00,0.1151304,1.976913543499326,5.4878824
2024-04-05 00:00:00,0.1146726,1.9734004551902151,5.4660606
2024-04-06 00:00:00,0.11446680000000001,1.966389348263084,5.456250799999999
2024-04-07 00:00:00,0.1141602,1.9660892796266687,5.4416362
2024-04-08 00:00:00,0.1135365,1.9558063462938808,5.4119065
2024-04-09 00:00:00,0.11297159999999999,1.9500581745676617,5.384979599999999
2024-04-10 00:00:00,0.1124508,1.9333370473524403,5.3601548
2024-04-11 00:00:00,0.11240460000000001,1.9271357639039968,5.3579526
2024-04-12 00:00:00,0.1125621,1.9298679481729928,5.3654601
2024-04-13 00:00:00,0.1125663,1.9338002473974756,5.365660299999999
2024-04-14 00:00:00,0.112833,1.936980188338946,5.378373
2024-04-15 00:00:00,0.1129737,1.9421076310313705,5.3850797
2024-04-16 00:00:00,0.11317319999999999,1.9460209273646856,5.3945892
2024-04-17 00:00:00,0.11359739999999999,1.9496193124402579,5.4148094
2024-04-18 00:00:00,0.1138494,1.9615137256724884,5.4268214
2024-04-19 00:00:00,0.1141434,1.9587513084714108,5.4408354
2024-04-20 00:00:00,0.1142316,1.9656360482965494,5.4450396
2024-04-21 00:00:00,0.1140951,1.9573757051189067,5.4385331
2024-04-22 00:00:00,0.11451510000000001,1.9641908882271535,5.4585531000000005
2024-04-23 00:00:00,0.11497289999999999,1.9772662720551386,5.4803749
2024-04-24 00:00:00,0.1152732,1.982079129826201,5.4946892
2024-04-25 00:00:00,0.11584439999999999,1.9890163120786066,5.5219164
2024-04-26 00:00:00,0.115899,1.9889379124990394,5.524519000000001
2024-04-27 00:00:00,0.11624129999999999,1.997267579988537,5.5408352999999995
2024-04-28 00:00:00,0.1164996,2.002555078328363,5.5531476
2024-04-29 00:00:00,0.1167957,2.009112879952931,5.5672617
2024-04-30 00:00:00,0.11717369999999999,2.023270957075441,5.5852797
2024-05-01 00:00:00,0.1174383,2.020933842291644,5.597892300000001
2024-05-02 00:00:00,0.11744249999999999,2.022963993196207,5.5980925
2024-05-03 00:00:00,0.11762099999999999,2.0201523677099607,5.6066009999999995
2024-05-04 00:00:00,0.11755800000000001,2.0232748192349943,5.603598
2024-05-05 00:00:00,0.117747,2.0317302029211235,5.612607
2024-05-06 00:00:00,0.11784359999999999,2.032827360813603,5.617211599999999
2024-05-07 00:00:00,0.1179276,2.0297465810005444,5.6212156
2024-05-08 00:00:00,0.11790869999999999,2.0288616180677463,5.6203147
2024-05-09 00:00:00,0.1175139,2.0219638617050917,5.6014959
2024-05-10 00:00:00,0.1175496,2.0236206539505868,5.6031976000000006
2024-05-11 00:00:00,0.1176315,2.025703455567142,5.6071015
2024-05-12 00:00:00,0.11735219999999999,2.0190130659154635,5.5937882
2024-05-13 00:00:00,0.1171716,2.018396405479292,5.5851796
2024-05-14 00:00:00,0.1171716,2.014846296295793,5.5851796
2024-05-15 00:00:00,0.1175832,2.024944088478523,5.6047992
2024-05-16 00:00:00,0.118146,2.034739106336156,5.631626
2024-05-17 00:00:00,0.1185324,2.0371681647766002,5.6500444
2024-05-18 00:00:00,0.1189902,2.0459615787294223,5.6718662
2024-05-19 00:00:00,0.1197546,2.0588712896860266,5.7083026
2024-05-20 00:00:00,0.1202544,2.065869260805393,5.7321264
2024-05-21 00:00:00,0.1205316,2.0706095584313977,5.7453396
2024-05-22 00:00:00,0.1203699,2.06993229947629,5.7376319
2024-05-23 00:00:00,0.1205127,2.070360088216938,5.7444387
2024-05-24 00:00:00,0.1206009,2.0683427164027712,5.7486429
2024-05-25 00:00:00,0.12067230000000001,2.0765684313890693,5.7520463
2024-05-26 00:00:00,0.120561,2.073430746012852,5.746741
2024-05-27 00:00:00,0.1206429,2.0705088135202594,5.7506449
2024-05-28 00:00:00,0.12063030000000001,2.072689316269259,5.7500443
2024-05-29 00:00:00,0.12086759999999999,2.071983598967049,5.7613556
2024-05-30 00:00:00,0.1209243,2.074166339262553,5.764058299999999
2024-05-31 00:00:00,0.1209852,2.0792479425263948,5.7669612
2024-06-01 00:00:00,0.120813,2.078946099657168,5.758753
2024-06-02 00:00:00,0.1208886,2.0743220961778417,5.7623566
2024-06-03 00:00:00,0.120729,2.072088548262063,5.7547489999999994
2024-06-04 00:00:00,0.1205337,2.074859063154152,5.7454396999999995
2024-06-05 00:00:00,0.1206156,2.070606712649272,5.7493436
2024-06-06 00:00:00,0.1205673,2.07634058849622,5.7470413
2024-06-07 00:00:00,0.1205064,2.0721975200358247,5.7441384
2024-06-08 00:00:00,0.1203909,2.066394348518179,5.7386329
2024-06-09 00:00:00,0.1205715,2.068261887466633,5.7472415
2024-06-10 00:00:00,0.12075,2.070861620652506,5.75575
2024-06-11 00:00:00,0.1209579,2.076176991259046,5.765659899999999
2024-06-12 00:00:00,0.1204896,2.0720264366865693,5.7433376
2024-06-13 00:00:00,0.1206156,2.0723427583568976,5.7493436
2024-06-14 00:00:00,0.1208361,2.0743803015986853,5.759854099999999
2024-06-15 00:00:00,0.12131489999999999,2.0878662431378854,5.7826769
2024-06-16 00:00:00,0.1215648,2.0872863542758426,5.7945888000000005
2024-06-17 00:00:00,0.12173909999999999,2.088222609292375,5.8028971
2024-06-18 00:00:00,0.1220394,2.100846018310587,5.8172114
2024-06-19 00:00:00,0.12269039999999999,2.1158728811960867,5.8482424
2024-06-20 00:00:00,0.122808,2.105905322319908,5.853848
2024-06-21 00:00:00,0.12264839999999999,2.110179239428018,5.8462404
2024-06-22 00:00:00,0.1226946,2.107689158439021,5.8484426
2024-06-23 00:00:00,0.1226127,2.1029909903273927,5.8445387
2024-06-24 00:00:00,0.122514,2.1030925289714513,5.839834
2024-06-25 00:00:00,0.1223355,2.095989346839056,5.8313255
2024-06-26 00:00:00,0.1220877,2.0937597192851207,5.819513700000001
2024-06-27 00:00:00,0.1217643,2.0829026148808842,5.8040983
2024-06-28 00:00:00,0.12179999999999999,2.0867381749168605,5.8058000000000005
2024-06-29 00:00:00,0.12179999999999999,2.0890217746983746,5.8058000000000005
2024-06-30 00:00:00,0.12140730000000001,2.0783636458726993,5.7870813
2024-07-01 00:00:00,0.1215333,2.0798067561225686,5.7930873
2024-07-02 00:00:00,0.1212624,2.0719091931557654,5.7801744
2024-07-03 00:00:00,0.1211217,2.0741961529510147,5.7734677
2024-07-04 00:00:00,0.1216152,2.0841639237935166,5.796991200000001
2024-07-05 00:00:00,0.1215753,2.0819475425882743,5.7950893
2024-07-06 00:00:00,0.1210755,2.0759191537005703,5.7712655
2024-07-07 00:00:00,0.1209936,2.068366372640465,5.7673616
2024-07-08 00:00:00,0.12029640000000001,2.054544455120952,5.7341283999999995
2024-07-09 00:00:00,0.1201662,2.061514095574942,5.7279222
2024-07-10 00:00:00,0.1199877,2.061288061424047,5.7194137000000005
2024-07-11 00:00:00,0.1197546,2.056758257551997,5.7083026
2024-07-12 00:00:00,0.1195635,2.0550963583295685,5.699193500000001
2024-07-13 00:00:00,0.1204056,2.068484572732903,5.7393336
2024-07-14 00:00:00,0.12107760000000001,2.083975387543334,5.7713656
2024-07-15 00:00:00,0.12222,2.1002622926761445,5.825819999999999
2024-07-16 00:00:00,0.12278700000000001,2.1027540282863098,5.852847
2024-07-17 00:00:00,0.12329309999999999,2.1172596283867127,5.8769711
2024-07-18 00:00:00,0.1233267,2.1189494751678732,5.878572699999999
2024-07-19 00:00:00,0.12368370000000001,2.1266225495922013,5.8955897
2024-07-20 00:00:00,0.1233162,2.121626734114455,5.878072199999999
2024-07-21 00:00:00,0.1228689,2.114246532164261,5.8567509
2024-07-22 00:00:00,0.1220835,2.100095145781823,5.8193135
2024-07-23 00:00:00,0.1214514,2.0882835948878187,5.7891834
2024-07-24 00:00:00,0.1204686,2.0704472124529922,5.7423366
2024-07-25 00:00:00,0.11913720000000001,2.04722919817389,5.6788732
2024-07-26 00:00:00,0.11727030000000001,2.014304997714573,5.5898843
2024-07-27 00:00:00,0.1149225,1.9751281326249956,5.4779725
2024-07-28 00:00:00,0.1122702,1.928697764275538,5.3515462
2024-07-29 00:00:00,0.1094436,1.877708081294076,5.2168116
2024-07-30 00:00:00,0.1064049,1.8271152198685565,5.0719669000000005
2024-07-31 00:00:00,0.10337879999999999,1.7765323564349542,4.9277228
2024-08-01 00:00:00,0.1004598,1.7269833911736656,4.7885838000000005
2024-08-02 00:00:00,0.0976206,1.6781046487496225,4.6532485999999995
2024-08-03 00:00:00,0.0949095,1.6308317266775623,4.5240195000000005
2024-08-04 00:00:00,0.0923643,1.5853809056568624,4.4026983
2024-08-05 00:00:00,0.0898779,1.5417721381692349,4.2841799
2024-08-06 00:00:00,0.08753219999999999,1.501428059566692,4.1723682
2024-08-07 00:00:00,0.08535240000000001,1.4628223419475965,4.0684644
2024-08-08 00:00:00,0.08331329999999999,1.4284291390333168,3.9712673
2024-08-09 00:00:00,0.0873453,1.4979041534004356,4.1634593
2024-08-10 00:00:00,0.0918036,1.5747054651871464,4.3759716
2024-08-11 00:00:00,0.09664199999999999,1.6583944629577592,4.606602
2024-08-12 00:00:00,0.1020096,1.7491013223102705,4.8624576
2024-08-13 00:00:00,0.1075158,1.8400260271709634,5.1249198
2024-08-14 00:00:00,0.11359319999999999,1.9496364819329295,5.4146092
2024-08-15 00:00:00,0.1196454,2.0518004781960486,5.7030974
2024-08-16 00:00:00,0.1200885,2.0583257479366894,5.7242185
2024-08-19 00:00:00,0.11985330000000001,2.0523079413784093,5.7130073
2024-08-20 00:00:00,0.1195719,2.0534247357217024,5.6995939
2024-08-21 00:00:00,0.1184253,2.0315194264527587,5.6449393
2024-08-22 00:00:00,0.11762520000000001,2.015608557698652,5.6068012
2024-08-23 00:00:00,0.1170351,2.0057086714568273,5.5786731
2024-08-24 00:00:00,0.11656470000000001,2.0045131513779904,5.5562507
2024-08-25 00:00:00,0.1158612,1.985391088369122,5.5227172
2024-08-26 00:00:00,0.1159683,1.9873440547311614,5.5278222999999995
2024-08-27 00:00:00,0.1161153,1.991796650715072,5.5348293
2024-08-28 00:00:00,0.11711279999999999,2.008912225247032,5.5823768
2024-08-29 00:00:00,0.11802,2.018603626044507,5.62562
2024-08-30 00:00:00,0.1184106,2.034162974575619,5.6442385999999996
2024-08-31 00:00:00,0.1187781,2.035311404012676,5.6617561
2024-09-01 00:00:00,0.11955299999999999,2.054189359496859,5.6986930000000005
2024-09-02 00:00:00,0.1197,2.052340645754602,5.7057
2024-09-03 00:00:00,0.1198512,2.0546688505919954,5.7129072
2024-09-04 00:00:00,0.1198974,2.054222051385751,5.7151094
2024-09-05 00:00:00,0.11980289999999999,2.056000204324579,5.7106049
2024-09-06 00:00:00,0.1195908,2.0572148836070356,5.7004948
2024-09-07 00:00:00,0.11949,2.0581190251071373,5.69569
2024-09-08 00:00:00,0.11905740000000001,2.0461928507049616,5.6750694
2024-09-09 00:00:00,0.1192191,2.050123642802763,5.6827771
2024-09-10 00:00:00,0.119175,2.0406925223495644,5.680675
2024-09-11 00:00:00,0.1190427,2.040854235024228,5.6743687
2024-09-12 00:00:00,0.1190658,2.0440145262736715,5.6754698
2024-09-13 00:00:00,0.1193115,2.04470156868057,5.6871814999999994
2024-09-14 00:00:00,0.1194375,2.0506037061899374,5.6931875
2024-09-15 00:00:00,0.1192695,2.0493295554269197,5.6851795
2024-09-16 00:00:00,0.1185954,2.0371390569986754,5.6530474
2024-09-17 00:00:00,0.117852,2.0269788887886557,5.617612
2024-09-18 00:00:00,0.1170582,2.0071272644647538,5.5797742
2024-09-19 00:00:00,0.1167264,1.9969214707840135,5.563958400000001
2024-09-20 00:00:00,0.1159368,1.9846416389752277,5.526320800000001
2024-09-21 00:00:00,0.115563,1.9822387670753054,5.508502999999999
2024-09-22 00:00:00,0.1154559,1.9779994089952122,5.5033978999999995
2024-09-23 00:00:00,0.1154139,1.9790568649394806,5.5013959
2024-09-24 00:00:00,0.1157541,1.9790298310357988,5.5176121
2024-09-25 00:00:00,0.1160943,1.981410945144629,5.5338283
2024-09-26 00:00:00,0.1160103,1.9843595381032688,5.5298243000000005
2024-09-27 00:00:00,0.1163505,1.9954027522100755,5.5460405
2024-09-28 00:00:00,0.1161195,1.9891064735619897,5.535029499999999
2024-09-29 00:00:00,0.11542440000000001,1.9799466290116527,5.5018964
2024-09-30 00:00:00,0.1146537,1.962803085840633,5.4651597
2024-10-01 00:00:00,0.1135239,1.9425889472420514,5.4113059
2024-10-02 00:00:00,0.11380320000000001,1.952091211932827,5.4246192
2024-10-03 00:00:00,0.1142526,1.9617449800330293,5.4460406
2024-10-04 00:00:00,0.1146054,1.967826218782978,5.4628574
2024-10-05 00:00:00,0.11526059999999999,1.979078544252678,5.4940886
2024-10-06 00:00:00,0.1165542,1.9998332309274376,5.5557502
2024-10-07 00:00:00,0.11813760000000001,2.029249481255586,5.6312256
2024-10-08 00:00:00,0.1197735,2.0574983064870604,5.709203499999999
2024-10-09 00:00:00,0.1203258,2.069562155292596,5.7355298
2024-10-10 00:00:00,0.12014520000000001,2.0602440537451576,5.7269212
2024-10-11 00:00:00,0.1198386,2.05574879789607,5.7123066
2024-10-12 00:00:00,0.1192695,2.047430291445393,5.6851795
2024-10-13 00:00:00,0.1187193,2.0351968496202097,5.6589533
2024-10-14 00:00:00,0.1179738,2.024278741738041,5.6234178
2024-10-15 00:00:00,0.11895869999999999,2.0444099390313353,5.6703647
2024-10-16 00:00:00,0.1187634,2.038148731704586,5.6610554
2024-10-17 00:00:00,0.11907,2.036039846662642,5.67567
2024-10-18 00:00:00,0.1193745,2.0461287085895683,5.6901845
2024-10-19 00:00:00,0.1199688,2.0648326457456743,5.7185128
2024-10-20 00:00:00,0.1202859,2.0620660057617526,5.7336279
2024-10-21 00:00:00,0.1214262,2.0866712029969996,5.7879822
2024-10-22 00:00:00,0.1209789,2.0814983711393316,5.7666609
2024-10-23 00:00:00,0.1217937,2.0974357294519352,5.8054997
2024-10-24 00:00:00,0.1221528,2.102265859118392,5.8226168
2024-10-25 00:00:00,0.122724,2.114215286022756,5.849844
2024-10-26 00:00:00,0.1229802,2.1151256033958976,5.8620562
2024-10-27 00:00:00,0.1236963,2.1291650647672573,5.8961903
2024-10-28 00:00:00,0.123837,2.136542797071481,5.902897
2024-10-29 00:00:00,0.12374460000000001,2.124100944972198,5.8984926
2024-10-30 00:00:00,0.1239126,2.1392686417548195,5.9065006
2024-10-31 00:00:00,0.1236648,2.127204222052534,5.8946888
2024-11-01 00:00:00,0.12346739999999999,2.130540279654067,5.8852794
2024-11-02 00:00:00,0.1233057,2.126097287985215,5.877571700000001
2024-11-03 00:00:00,0.1226022,2.106944916428638,5.8440382
2024-11-04 00:00:00,0.121863,2.0957241309265036,5.808803
2024-11-05 00:00:00,0.1215879,2.0918645260580484,5.7956899
2024-11-06 00:00:00,0.12118680000000001,2.0820748341401187,5.7765708
2024-11-07 00:00:00,0.12107340000000001,2.0814702873903435,5.7711654
2024-11-08 00:00:00,0.1208466,2.0794922870977035,5.760354599999999
2024-11-09 00:00:00,0.12048539999999999,2.0754939660505842,5.743137399999999
2024-11-10 00:00:00,0.1208109,2.079850699978173,5.7586529
2024-11-11 00:00:00,0.1213443,2.092952886956607,5.7840783
2024-11-12 00:00:00,0.121527,2.0884903792621787,5.792787000000001
2024-11-13 00:00:00,0.12149339999999999,2.095722328031723,5.791185400000001
2024-11-14 00:00:00,0.1215165,2.096828175098111,5.7922865
2024-11-15 00:00:00,0.12180840000000001,2.1006266504936284,5.8062004
2024-11-16 00:00:00,0.1219323,2.101310481011103,5.8121063
2024-11-17 00:00:00,0.1222032,2.112994531277076,5.8250192
2024-11-18 00:00:00,0.12196380000000001,2.1075560737493233,5.8136078
2024-11-19 00:00:00,0.1214724,2.0962586813626216,5.7901844
2024-11-20 00:00:00,0.121296,2.096239383008334,5.781776
2024-11-21 00:00:00,0.12109650000000001,2.083575839075,5.7722665
2024-11-22 00:00:00,0.12082559999999999,2.084421798767968,5.759353600000001
2024-11-23 00:00:00,0.12098099999999999,2.0935566582335463,5.766761000000001
2024-11-24 00:00:00,0.12087600000000001,2.0868189382102273,5.761756
2024-11-25 00:00:00,0.1209012,2.087860491082193,5.7629572
2024-11-26 00:00:00,0.1211994,2.0950196934075502,5.7771714
2024-11-27 00:00:00,0.1212939,2.091407747275788,5.7816759
2024-11-28 00:00:00,0.12136530000000001,2.0931155940237627,5.7850793000000005
2024-11-29 00:00:00,0.1211406,2.087918842103707,5.7743686
2024-11-30 00:00:00,0.12074370000000001,2.083521517431782,5.7554497
2024-12-01 00:00:00,0.12001919999999999,2.0776517536924857,5.7209152
2024-12-02 00:00:00,0.1192359,2.059206468731227,5.6835779
2024-12-03 00:00:00,0.1185492,2.0436943299273924,5.6508452
2024-12-04 00:00:00,0.1180011,2.0376102661525883,5.6247191
2024-12-05 00:00:00,0.1175286,2.0274654693978147,5.6021966
2024-12-06 00:00:00,0.1170246,2.0226887923871373,5.5781726
2024-12-07 00:00:00,0.1163505,2.0138239772631543,5.5460405
2024-12-08 00:00:00,0.1164828,2.009231286841251,5.5523468000000005
2024-12-09 00:00:00,0.1166613,2.0131964846683283,5.5608553
2024-12-10 00:00:00,0.1166844,2.0127576659618556,5.5619564
2024-12-11 00:00:00,0.1164576,2.006010367100547,5.5511456
2024-12-12 00:00:00,0.1162791,2.0088853074351416,5.5426371
2024-12-13 00:00:00,0.1162854,2.0106829447883006,5.5429374
2024-12-14 00:00:00,0.1164576,2.012328375778602,5.5511456
2024-12-15 00:00:00,0.11590109999999999,2.000205351885792,5.5246191
2024-12-16 00:00:00,0.115794,1.9950398503617135,5.519514
2024-12-17 00:00:00,0.11565120000000001,1.9976278038426138,5.5127071999999995
2024-12-18 00:00:00,0.1153677,1.9900891396953841,5.4991937
2024-12-19 00:00:00,0.1155273,1.995696419394642,5.5068013
2024-12-20 00:00:00,0.1150674,1.9871158951584251,5.4848794
2024-12-21 00:00:00,0.1148406,1.9850288644562664,5.4740686
2024-12-22 00:00:00,0.11459699999999999,1.9796896448847026,5.462457000000001
2024-12-23 00:00:00,0.1144983,1.9755030968411262,5.4577523
2024-12-24 00:00:00,0.1146558,1.9808356641423213,5.4652598
2024-12-25 00:00:00,0.11430929999999999,1.9773858193228302,5.4487433
2024-12-26 00:00:00,0.1140615,1.9709942162149705,5.4369315
2024-12-27 00:00:00,0.11388720000000001,1.9687220272266854,5.4286232
2024-12-28 00:00:00,0.1139313,1.9644929814493892,5.4307253
2024-12-29 00:00:00,0.11397750000000001,1.962261359247545,5.4329275
2024-12-30 00:00:00,0.114303,1.9710557490789702,5.448443
2024-12-31 00:00:00,0.1143492,1.9713856625213912,5.4506452
2025-01-01 00:00:00,0.1143954,1.9753132900146826,5.4528474
2025-01-02 00:00:00,0.1147167,1.981204480711039,5.4681627
2025-01-03 00:00:00,0.1140993,1.9708840359931854,5.4387333
2025-01-04 00:00:00,0.1139334,1.9654183242084986,5.4308254
2025-01-05 00:00:00,0.1138137,1.9656238056148803,5.4251197
2025-01-06 00:00:00,0.1135554,1.9613861328804532,5.412807399999999
2025-01-07 00:00:00,0.1135722,1.953082918734757,5.4136082
2025-01-08 00:00:00,0.11326560000000001,1.9530798482231344,5.3989936
2025-01-09 00:00:00,0.112896,1.9455176331482416,5.381376
2025-01-10 00:00:00,0.1130787,1.9499355449816964,5.3900847
2025-01-11 00:00:00,0.112938,1.946703583633671,5.3833779999999996
2025-01-12 00:00:00,0.1131249,1.9489322156344249,5.3922869
2025-01-13 00:00:00,0.1131858,1.9534154409081421,5.3951898
2025-01-14 00:00:00,0.1133916,1.9590801385612042,5.4049996
2025-01-15 00:00:00,0.1136331,1.9631934668980264,5.4165111
2025-01-16 00:00:00,0.11385150000000001,1.9674950492892034,5.426921500000001
2025-01-17 00:00:00,0.1134126,1.9558750242445497,5.4060006000000005
2025-01-18 00:00:00,0.11326349999999999,1.951430783074101,5.3988935
2025-01-19 00:00:00,0.1130766,1.9518383470052731,5.3899846
2025-01-20 00:00:00,0.1131942,1.9477403274060991,5.3955902
2025-01-21 00:00:00,0.1131207,1.9475478387079144,5.3920867
2025-01-22 00:00:00,0.1126797,1.9405691242717353,5.3710657
2025-01-23 00:00:00,0.1131438,1.9525985683530773,5.3931878
2025-01-24 00:00:00,0.1130955,1.9412483823339304,5.3908855
2025-01-25 00:00:00,0.1129338,1.9390360869344,5.3831778
2025-01-26 00:00:00,0.1128561,1.93989504996529,5.3794741
2025-01-27 00:00:00,0.11270279999999999,1.9342720800728321,5.3721668
2025-01-28 00:00:00,0.1130241,1.9401599011017834,5.387482100000001
2025-01-29 00:00:00,0.1130094,1.9419213153737063,5.3867814
2025-01-30 00:00:00,0.1126797,1.9380863544746134,5.3710657
2025-01-31 00:00:00,0.11286239999999999,1.9401055936417262,5.3797744000000005
2025-02-01 00:00:00,0.1129338,1.943229372898614,5.3831778
2025-02-02 00:00:00,0.1125411,1.93262531653128,5.3644591
2025-02-03 00:00:00,0.1123311,1.9277315834528812,5.3544491
2025-02-04 00:00:00,0.11155200000000001,1.9174374887905172,5.317312
2025-02-05 00:00:00,0.1116402,1.9137102566058566,5.3215162
2025-02-06 00:00:00,0.1111866,1.9054904086934126,5.2998946
2025-02-07 00:00:00,0.1104159,1.8900244230480683,5.2631579
2025-02-08 00:00:00,0.1101639,1.8889262546295147,5.2511459
2025-02-09 00:00:00,0.1098069,1.8788770989315948,5.2341289
2025-02-10 00:00:00,0.10979850000000001,1.879253497680962,5.2337285
2025-02-11 00:00:00,0.1094436,1.8735945683380504,5.2168116
2025-02-12 00:00:00,0.10950449999999999,1.874924979215867,5.2197145
2025-02-13 00:00:00,0.1093365,1.880602698279067,5.2117065
2025-02-14 00:00:00,0.1092525,1.87305444051878,5.2077025
2025-02-15 00:00:00,0.1091832,1.8690223594400293,5.2043992
2025-02-16 00:00:00,0.1092252,1.8700496310283652,5.2064012
2025-02-17 00:00:00,0.1090698,1.8705508734053147,5.1989938
2025-02-18 00:00:00,0.10877160000000001,1.8603201240030522,5.1847796
2025-02-19 00:00:00,0.1089207,1.8645702149633414,5.1918867
2025-02-20 00:00:00,0.1090236,1.865427068477414,5.196791599999999
2025-02-21 00:00:00,0.10755150000000001,1.833924188627952,5.126621500000001
2025-02-22 00:00:00,0.1069866,1.8291561571386972,5.099694599999999
2025-02-23 00:00:00,0.1063167,1.8192578202454928,5.0677627
2025-02-24 00:00:00,0.106155,1.8175116745049842,5.060055
2025-02-25 00:00:00,0.1039185,1.7791320557485875,4.9534485
2025-02-26 00:00:00,0.10335989999999999,1.7681612300606562,4.9268219
2025-02-27 00:00:00,0.1023708,1.7504571295730986,4.8796748
2025-02-28 00:00:00,0.10260179999999999,1.759056688495714,4.8906858
2025-03-01 00:00:00,0.10236450000000001,1.7559526064423372,4.8793745
2025-03-02 00:00:00,0.1028727,1.762611324367992,4.9035987
2025-03-03 00:00:00,0.10388700000000001,1.7847798511369068,4.9519470000000005
2025-03-04 00:00:00,0.1039563,1.7778072274266925,4.955250299999999
2025-03-05 00:00:00,0.1043049,1.7896304071588631,4.9718669
2025-03-06 00:00:00,0.10485509999999999,1.796837292648405,4.9980931
2025-03-07 00:00:00,0.1050714,1.7995580786608705,5.0084034
2025-03-08 00:00:00,0.1046619,1.792855128496817,4.988883899999999
2025-03-09 00:00:00,0.1041411,1.7867832475918748,4.9640591
2025-03-10 00:00:00,0.1049139,1.800546901682511,5.000895900000001
2025-03-11 00:00:00,0.1045527,1.7871205934421766,4.9836787000000005
2025-03-12 00:00:00,0.1039458,1.7808819427797637,4.954749799999999
2025-03-13 00:00:00,0.1037694,1.775710145402686,4.9463414000000006
2025-03-14 00:00:00,0.1035783,1.7724059054443484,4.9372323
2025-03-15 00:00:00,0.1032444,1.7634781115843519,4.921316399999999
2025-03-16 00:00:00,0.1026165,1.7573815342488324,4.891386499999999
2025-03-17 00:00:00,0.1027068,1.7601722157011488,4.895690800000001
2025-03-18 00:00:00,0.1024716,1.7527697064945935,4.8844796
2025-03-19 00:00:00,0.1016064,1.741503561204949,4.843238400000001
2025-03-20 00:00:00,0.1015413,1.7349446964083997,4.8401353
2025-03-21 00:00:00,0.1011717,1.736445468784801,4.822517700000001
2025-03-22 00:00:00,0.10127249999999999,1.7302471818031413,4.8273225
2025-03-23 00:00:00,0.1007349,1.7230575862366093,4.8016969
2025-03-24 00:00:00,0.1009932,1.7293790570082863,4.8140092
2025-03-25 00:00:00,0.10094070000000001,1.7281559843717482,4.8115067
2025-03-26 00:00:00,0.1011654,1.7304973041595724,4.8222174
2025-03-27 00:00:00,0.1018437,1.7449115206189996,4.8545497
2025-03-28 00:00:00,0.1023729,1.7531914382526521,4.8797749
2025-03-29 00:00:00,0.1026417,1.7603313579728004,4.8925877
2025-03-30 00:00:00,0.10262489999999999,1.75665367477702,4.8917869000000005
2025-03-31 00:00:00,0.1027488,1.7625036436249255,4.8976928
2025-04-01 00:00:00,0.1006845,1.7276772202747688,4.7992945
2025-04-02 00:00:00,0.1009911,1.7317714037817324,4.8139091
2025-04-03 00:00:00,0.100737,1.7299137884932214,4.801797
2025-04-04 00:00:00,0.0998865,1.7103176905566893,4.7612565
2025-04-05 00:00:00,0.0989499,1.696161633277386,4.7166119
2025-04-06 00:00:00,0.09869159999999999,1.6912626705901606,4.704299600000001
2025-04-07 00:00:00,0.1003842,1.719874054980759,4.7849802
2025-04-08 00:00:00,0.0999453,1.7168656540583849,4.7640592999999996
2025-04-09 00:00:00,0.09989490000000001,1.7154010500356862,4.7616569
2025-04-10 00:00:00,0.1003506,1.723386881694619,4.7833786
2025-04-11 00:00:00,0.10056480000000001,1.724843501482003,4.7935888
2025-04-12 00:00:00,0.1010268,1.7319213082269427,4.8156108
2025-04-13 00:00:00,0.1003737,1.7186963521656564,4.7844796999999994
2025-04-14 00:00:00,0.1004346,1.7214421958143191,4.7873826
2025-04-15 00:00:00,0.100275,1.7175845869826307,4.779775
2025-04-16 00:00:00,0.0999474,1.710951765201574,4.7641594
2025-04-17 00:00:00,0.09986969999999999,1.7124621797293762,4.7604557000000005
2025-04-18 00:00:00,0.09973739999999999,1.7018637604210791,4.7541494
2025-04-19 00:00:00,0.0999789,1.7105545658905785,4.765660899999999
2025-04-20 00:00:00,0.0987588,1.6901756926148206,4.7075028
2025-04-21 00:00:00,0.0995337,1.7004782184235472,4.7444397
2025-04-22 00:00:00,0.1000125,1.7104078843733646,4.7672625
2025-04-23 00:00:00,0.0998865,1.7090090093723933,4.7612565
2025-04-24 00:00:00,0.09966599999999999,1.7072386731105653,4.750746
2025-04-25 00:00:00,0.0994665,1.7031202894309192,4.7412365
2025-04-26 00:00:00,0.1002708,1.7152895678307531,4.779574800000001
2025-04-27 00:00:00,0.1005291,1.714545854717092,4.7918871
2025-04-28 00:00:00,0.10045140000000001,1.7173702105263726,4.7881834
2025-04-29 00:00:00,0.100548,1.7251075244996914,4.792788
2025-04-30 00:00:00,0.1007685,1.7206913757422724,4.8032984999999995
2025-05-01 00:00:00,0.1009071,1.7278477691514251,4.8099051
2025-05-02 00:00:00,0.10065930000000001,1.714743173790286,4.798093300000001
2025-05-03 00:00:00,0.10054590000000001,1.7095939885686329,4.7926879
2025-05-04 00:00:00,0.09996630000000001,1.7023335841123481,4.7650603
2025-05-05 00:00:00,0.0998571,1.7004647447949337,4.759855099999999
2025-05-06 00:00:00,0.0993594,1.6934432024770667,4.7361314000000005
2025-05-07 00:00:00,0.0991368,1.6868434099963696,4.7255208
2025-05-08 00:00:00,0.09662309999999999,1.6457001353593763,4.6057011
2025-05-09 00:00:00,0.093492,1.5951992331215774,4.4564520000000005
2025-05-10 00:00:00,0.08850029999999999,1.5052734051007408,4.2185143
2025-05-11 00:00:00,0.08402729999999999,1.426317531673786,4.005301299999999
2025-05-12 00:00:00,0.07945350000000001,1.3505293717107487,3.7872835
2025-05-13 00:00:00,0.0745794,1.268209674887133,3.5549513999999998
2025-05-14 00:00:00,0.07049280000000001,1.1987710603082677,3.3601568000000004
2025-05-15 00:00:00,0.06691230000000001,1.1363056249194445,3.1894863
2025-05-16 00:00:00,0.0644091,1.0925609038249215,3.0701671
2025-05-17 00:00:00,0.0623595,1.064275170414583,2.9724695000000003
2025-05-18 00:00:00,0.0604989,1.0341946047980202,2.8837809
2025-05-19 00:00:00,0.058892400000000004,1.0058536930970345,2.8072044000000003
2025-05-20 00:00:00,0.0574497,0.9803916964580065,2.7384357
2025-05-21 00:00:00,0.0647766,1.1039425713981874,3.0876846000000002
2025-05-22 00:00:00,0.0698838,1.1920304947805735,3.3311278000000004
2025-05-23 00:00:00,0.0745101,1.2691764426629562,3.5516481
2025-05-24 00:00:00,0.07951860000000001,1.356082088096837,3.7903865999999997
2025-05-25 00:00:00,0.08470980000000002,1.4479788377148277,4.0378338000000005
2025-05-26 00:00:00,0.090048,1.5383078363311444,4.292287999999999
2025-05-27 00:00:00,0.0916986,1.5630950317581556,4.3709666
2025-05-28 00:00:00,0.0917637,1.5666488224603048,4.3740697
2025-05-29 00:00:00,0.0921816,1.570866525274162,4.3939896
2025-05-30 00:00:00,0.0924441,1.5785070202189029,4.4065021
2025-05-31 00:00:00,0.0927423,1.581174116684172,4.4207163000000005
2025-06-01 00:00:00,0.0926982,1.5788011408740514,4.4186142
2025-06-02 00:00:00,0.092631,1.5775871765943756,4.415411
2025-06-03 00:00:00,0.09242310000000001,1.5730440522036229,4.4055011
2025-06-04 00:00:00,0.0923622,1.574990876016247,4.402598200000001
2025-06-05 00:00:00,0.0923643,1.5738414714274709,4.4026983
2025-06-06 00:00:00,0.09212909999999999,1.568713406009767,4.3914871
2025-06-07 00:00:00,0.09230759999999999,1.5722237321897308,4.3999956000000005
2025-06-08 00:00:00,0.0921438,1.5668143338789793,4.392187799999999
2025-06-09 00:00:00,0.092421,1.570878105620755,4.4054009999999995
2025-06-10 00:00:00,0.09255540000000001,1.5751604715266232,4.4118074
2025-06-11 00:00:00,0.09234959999999999,1.573022773226177,4.4019976
2025-06-12 00:00:00,0.092001,1.5658637915916602,4.385381000000001
2025-06-13 00:00:00,0.0806862,1.3695112400034715,3.8460422
2025-06-14 00:00:00,0.08298359999999999,1.4153996175457049,3.9555515999999997
2025-06-15 00:00:00,0.08274,1.4141239641914198,3.94394
2025-06-16 00:00:00,0.0820176,1.4012149491133683,3.9095056
2025-06-17 00:00:00,0.0793779,1.3507386458548767,3.7836799
2025-06-18 00:00:00,0.0783027,1.333519132401841,3.7324287
2025-06-19 00:00:00,0.08471609999999999,1.442110555662294,4.0381341
2025-06-20 00:00:00,0.0862848,1.4730895005818054,4.1129088
2025-06-21 00:00:00,0.08676570000000002,1.4796420782077147,4.135831700000001
2025-06-22 00:00:00,0.08680560000000001,1.4820358139681513,4.137733600000001
2025-06-23 00:00:00,0.0883155,1.5097094487669716,4.2097055
2025-06-24 00:00:00,0.0897162,1.5361597993628453,4.2764722
2025-06-25 00:00:00,0.090384,1.545328349470112,4.308304
2025-06-26 00:00:00,0.090531,1.5454432813928733,4.3153109999999995
2025-06-27 00:00:00,0.0905646,1.5455128515170942,4.316912599999999
2025-06-28 00:00:00,0.0897393,1.524358088422709,4.2775733
2025-06-29 00:00:00,0.0897981,1.5269714202493547,4.280376100000001
2025-06-30 00:00:00,0.09014459999999999,1.5357384209107363,4.2968926000000005
2025-07-01 00:00:00,0.0900186,1.5351466493103247,4.290886599999999
2025-07-02 00:00:00,0.0895083,1.5271897214674286,4.2665622999999995
2025-07-03 00:00:00,0.0877359,1.4949042012832907,4.1820779
2025-07-04 00:00:00,0.0883911,1.5053584990328095,4.2133091
2025-07-05 00:00:00,0.08596980000000001,1.461491826891718,4.0978938
2025-07-06 00:00:00,0.08683080000000001,1.4751993156147323,4.138934800000001
2025-07-07 00:00:00,0.08733269999999999,1.4927279948009333,4.1628587
2025-07-08 00:00:00,0.08633099999999999,1.4684296071773901,4.115111
2025-07-09 00:00:00,0.08699040000000001,1.4813220397200828,4.1465424
2025-07-10 00:00:00,0.0863226,1.4738338692755046,4.1147106
2025-07-11 00:00:00,0.0856002,1.4544111366093773,4.0802762
2025-07-12 00:00:00,0.08515499999999998,1.444936026620563,4.059054999999999
2025-07-13 00:00:00,0.0845775,1.4377751012687252,4.0315275
2025-07-14 00:00:00,0.0840252,1.4329901518969719,4.0052012
2025-07-15 00:00:00,0.08439479999999999,1.4368462499141548,4.0228188
2025-07-16 00:00:00,0.0844221,1.4419679209901362,4.0241201
2025-07-17 00:00:00,0.08440319999999998,1.4400192281245565,4.0232192
2025-07-18 00:00:00,0.0854364,1.4580554359297913,4.0724684
2025-07-19 00:00:00,0.0854805,1.453808716917143,4.0745705
2025-07-20 00:00:00,0.08574719999999998,1.459488510723211,4.087283199999999
2025-07-21 00:00:00,0.0862407,1.4678491526257968,4.1108067
2025-07-22 00:00:00,0.08653050000000001,1.4712490850959277,4.1246205
2025-07-23 00:00:00,0.0867468,1.4722734469236332,4.1349308
2025-07-24 00:00:00,0.08763719999999998,1.4879006984746455,4.177373199999999
2025-07-25 00:00:00,0.0890127,1.5102816633012321,4.2429387
2025-07-26 00:00:00,0.0896049,1.52131405629368,4.2711669
2025-07-27 00:00:00,0.0898296,1.5242222634913671,4.2818776
2025-07-28 00:00:00,0.0899115,1.528094663538384,4.2857815
2025-07-29 00:00:00,0.0900459,1.528984874123306,4.2921879
2025-07-30 00:00:00,0.0902286,1.5372647918522178,4.3008966
2025-07-31 00:00:00,0.0901278,1.5339320874069549,4.2960918
2025-08-01 00:00:00,0.0900942,1.5333314964125002,4.2944902
2025-08-02 00:00:00,0.0901131,1.5312428356585868,4.2953911
2025-08-03 00:00:00,0.09007949999999999,1.5287084461376597,4.2937895
2025-08-04 00:00:00,0.0900291,1.5292546707241208,4.2913871
2025-08-05 00:00:00,0.08993040000000001,1.5292113057558219,4.2866824
2025-08-06 00:00:00,0.08992409999999999,1.52894018814802,4.2863821
2025-08-07 00:00:00,0.0900459,1.533308365158752,4.2921879
2025-08-08 00:00:00,0.0900165,1.5302912784483025,4.2907865
2025-08-09 00:00:00,0.0898632,1.5239593905123334,4.2834791999999995
2025-08-10 00:00:00,0.0898611,1.529081360702324,4.2833791
2025-08-11 00:00:00,0.0898674,1.5282112269300685,4.2836794
2025-08-12 00:00:00,0.08990519999999999,1.5251376673034682,4.2854812
2025-08-13 00:00:00,0.0901656,1.5335862606239286,4.2978936
2025-08-14 00:00:00,0.0903924,1.538714374565287,4.3087044
2025-08-15 00:00:00,0.090825,1.5453675908422837,4.329325
2025-08-16 00:00:00,0.09117990000000001,1.5508455186675056,4.3462419
2025-08-17 00:00:00,0.0914004,1.551667088550076,4.3567524
2025-08-18 00:00:00,0.09178889999999999,1.561504572266137,4.3752709
2025-08-19 00:00:00,0.0921501,1.571271343006416,4.3924881
2025-08-20 00:00:00,0.0922278,1.5695182436946722,4.3961917999999995
2025-08-21 00:00:00,0.0922635,1.5706638788556977,4.3978935
2025-08-22 00:00:00,0.0923895,1.5707398665780625,4.4038995000000005
2025-08-23 00:00:00,0.09264570000000001,1.572461609293713,4.4161117
2025-08-24 00:00:00,0.092736,1.5765305546713133,4.420416
2025-08-25 00:00:00,0.0927843,1.57759742114865,4.4227183000000005
2025-08-26 00:00:00,0.0928998,1.5760910462675088,4.4282238
2025-08-27 00:00:00,0.0929124,1.5777838836799363,4.428824400000001
2025-08-28 00:00:00,0.0928515,1.5723457305982942,4.4259215
2025-08-29 00:00:00,0.0924378,1.5639315942668002,4.4062018
2025-08-30 00:00:00,0.0920955,1.5604492551100602,4.3898855
2025-08-31 00:00:00,0.0920724,1.5638220958786482,4.3887844
2025-09-01 00:00:00,0.0918813,1.5594166158737237,4.3796753
2025-09-02 00:00:00,0.09150119999999999,1.5565637598129907,4.3615572
2025-09-03 00:00:00,0.09141930000000001,1.5548350608194301,4.3576533
2025-09-04 00:00:00,0.0915369,1.5554094220553596,4.3632589
2025-09-05 00:00:00,0.0918645,1.5622060880481194,4.3788745
2025-09-06 00:00:00,0.0921207,1.564069208408976,4.3910867
2025-09-07 00:00:00,0.0922047,1.5671793260237101,4.3950907
2025-09-08 00:00:00,0.0921228,1.5681478064902,4.391186800000001
2025-09-09 00:00:00,0.0923853,1.5711712614503544,4.4036993
2025-09-10 00:00:00,0.0924147,1.5678325832887678,4.4051007
2025-09-11 00:00:00,0.09235380000000001,1.5651433163581068,4.4021978
2025-09-12 00:00:00,0.0923601,1.5639037083009535,4.4024981
2025-09-13 00:00:00,0.09235800000000001,1.568150706065865,4.402398
2025-09-14 00:00:00,0.0923118,1.5633877651431658,4.4001958000000005
2025-09-15 00:00:00,0.0924357,1.5718845961368921,4.4061017
2025-09-16 00:00:00,0.0923853,1.564171823457644,4.4036993
2025-09-17 00:00:00,0.0924693,1.5672204035461412,4.4077033000000005
2025-09-18 00:00:00,0.0925743,1.5666254794356824,4.4127083
2025-09-19 00:00:00,0.0925596,1.5706129078098878,4.4120076
2025-09-20 00:00:00,0.09261839999999999,1.567920877273612,4.4148104
2025-09-21 00:00:00,0.0927465,1.5740384175145565,4.420916500000001
2025-09-22 00:00:00,0.09241049999999999,1.564881511903974,4.4049005
2025-09-23 00:00:00,0.0914613,1.54955789036211,4.3596553
2025-09-24 00:00:00,0.0908523,1.5388437031832392,4.3306263
2025-09-25 00:00:00,0.09040290000000001,1.5265332645808671,4.3092049
2025-09-26 00:00:00,0.0898464,1.5157604161101228,4.2826784
2025-09-27 00:00:00,0.08926049999999999,1.5087326028354855,4.2547505
2025-09-28 00:00:00,0.0886431,1.496165890215171,4.2253211
2025-09-29 00:00:00,0.0886473,1.5000369938018676,4.2255213000000005
2025-09-30 00:00:00,0.0891912,1.5096087387518853,4.251447199999999
2025-10-01 00:00:00,0.0893214,1.509716492949309,4.257653400000001
2025-10-02 00:00:00,0.0893046,1.5131218581541737,4.2568526
2025-10-03 00:00:00,0.0893739,1.5115702753936098,4.2601559
2025-10-04 00:00:00,0.0894495,1.5161672275778855,4.2637595
2025-10-05 00:00:00,0.0894474,1.5142912451504142,4.2636594
2025-10-06 00:00:00,0.089208,1.5112977900316198,4.252248
2025-10-07 00:00:00,0.08868720000000001,1.499754384583709,4.2274232000000005
2025-10-08 00:00:00,0.08797530000000002,1.4925323620199664,4.1934893
2025-10-09 00:00:00,0.08734950000000002,1.474752217541085,4.1636595000000005
2025-10-10 00:00:00,0.0864255,1.4635360072350154,4.1196155
2025-10-11 00:00:00,0.08532510000000001,1.4436737533715096,4.067163100000001
2025-10-12 00:00:00,0.08436329999999997,1.4292229066992599,4.0213173
2025-10-13 00:00:00,0.0835149,1.417474567881143,3.9808769
2025-10-14 00:00:00,0.082761,1.4011352373702213,3.9449409999999996
2025-10-15 00:00:00,0.08234520000000001,1.3925710733093628,3.9251212
2025-10-16 00:00:00,0.0817992,1.3844775878382138,3.8990952
2025-10-17 00:00:00,0.0817215,1.3762353053577843,3.8953915
2025-10-18 00:00:00,0.0819294,1.384933169541106,3.9053014
2025-10-19 00:00:00,0.0824397,1.3928736880448727,3.9296257
2025-10-20 00:00:00,0.08270430000000001,1.4011699511640578,3.9422383
2025-10-21 00:00:00,0.0830802,1.4070609889851002,3.9601561999999997
2025-10-22 00:00:00,0.0834288,1.4117959255665615,3.9767728
2025-10-23 00:00:00,0.0832902,1.4106298134515765,3.9701662
2025-10-24 00:00:00,0.0829689,1.405046068821487,3.9548509
2025-10-25 00:00:00,0.0827211,1.39686391729381,3.9430391
2025-10-26 00:00:00,0.082761,1.400362098556558,3.9449409999999996
2025-10-27 00:00:00,0.0830823,1.4090345992509599,3.9602563
2025-10-28 00:00:00,0.0837837,1.4147908559879225,3.9936897
2025-10-29 00:00:00,0.08454809999999999,1.4261773921985295,4.0301260999999995
2025-10-30 00:00:00,0.08490510000000001,1.4382344736383905,4.0471430999999995
2025-10-31 00:00:00,0.0853377,1.4473788355079995,4.0677636999999995
2025-11-01 00:00:00,0.08532089999999999,1.44415572153485,4.0669629
2025-11-02 00:00:00,0.0851529,1.4435170578929162,4.0589549
2025-11-03 00:00:00,0.0845754,1.430094241786967,4.0314274
2025-11-04 00:00:00,0.0838299,1.4195222213034167,3.9958919
2025-11-05 00:00:00,0.08363670000000001,1.4111507543010864,3.9866827
2025-11-06 00:00:00,0.0839034,1.418242166659632,3.9993954
2025-11-07 00:00:00,0.08482950000000002,1.432897729158924,4.0435395000000005
2025-11-08 00:00:00,0.08563169999999999,1.444863776725211,4.0817777
2025-11-09 00:00:00,0.0858018,1.446804414131467,4.0898858
2025-11-10 00:00:00,0.086709,1.462643042796176,4.133129
2025-11-11 00:00:00,0.08741249999999998,1.4743643747077515,4.166662499999999
2025-11-12 00:00:00,0.08790600000000001,1.4818417248741722,4.190186
2025-11-13 00:00:00,0.08767709999999998,1.4807136791711897,4.1792751
2025-11-14 00:00:00,0.08735579999999998,1.474799358126524,4.1639598
2025-11-15 00:00:00,0.08669639999999999,1.4629814614190868,4.1325284
2025-11-16 00:00:00,0.0858249,1.446289077297965,4.0909869
2025-11-17 00:00:00,0.0856002,1.445597116736944,4.0802762
2025-11-18 00:00:00,0.08533979999999998,1.4412115070200928,4.0678638
2025-11-19 00:00:00,0.0854259,1.4462821804814845,4.0719679
2025-11-20 00:00:00,0.0857136,1.4512572854766448,4.0856816
2025-11-21 00:00:00,0.08560439999999998,1.4476410187781488,4.080476399999999
2025-11-22 00:00:00,0.08593410000000001,1.4539728159488359,4.096192100000001
2025-11-23 00:00:00,0.08680979999999999,1.4663718476776617,4.1379338
2025-11-24 00:00:00,0.08664600000000001,1.4674249395073176,4.130126000000001
2025-11-25 00:00:00,0.0870492,1.4765735592177898,4.1493452
2025-11-26 00:00:00,0.08710380000000001,1.4766802094574996,4.1519478
2025-11-27 00:00:00,0.0865515,1.462477027383407,4.1256215
2025-11-28 00:00:00,0.0867216,1.469963324855646,4.1337296
2025-11-29 00:00:00,0.08683710000000001,1.4774467756670087,4.1392351000000005
2025-11-30 00:00:00,0.086835,1.4783824776933823,4.1391350000000005
2025-12-01 00:00:00,0.0866985,1.4751276723762872,4.1326285
2025-12-02 00:00:00,0.08564010000000001,1.4558998437267887,4.0821781
2025-12-03 00:00:00,0.0849303,1.4433469591079324,4.0483443
2025-12-04 00:00:00,0.0834624,1.421672419809248,3.9783744000000003
2025-12-05 00:00:00,0.0805287,1.3657556453907724,3.8385347000000003
2025-12-06 00:00:00,0.0774291,1.3093543499400708,3.6907871
2025-12-07 00:00:00,0.0741531,1.2534177345587758,3.5346311
2025-12-08 00:00:00,0.07070069999999999,1.1866762137529276,3.3700666999999997
2025-12-09 00:00:00,0.0672126,1.1278601298941906,3.2038006
2025-12-10 00:00:00,0.0635964,1.0733796461495195,3.0314284
2025-12-11 00:00:00,0.0637602,1.0536806488850348,3.0392362
2025-12-12 00:00:00,0.0692391,1.147086282185917,3.3003971
2025-12-13 00:00:00,0.0748965,1.2447876683119556,3.5700665
2025-12-14 00:00:00,0.0808458,1.347108989839001,3.8536498000000003
2025-12-15 00:00:00,0.08662920000000002,1.4456197923698406,4.1293252
2025-12-16 00:00:00,0.0934332,1.5602354193978025,4.4536492
2025-12-18 00:00:00,0.0984585,1.631947973435109,4.6931885
2025-12-19 00:00:00,0.0997353,1.6519826404059041,4.754049299999999
2025-12-20 00:00:00,0.0998319,1.657765333572077,4.7586539000000005
2025-12-21 00:00:00,0.0998865,1.6640308841557414,4.7612565
2025-12-22 00:00:00,0.1003296,1.6756650819058811,4.7823776
2025-12-23 00:00:00,0.101514,1.6979993216156088,4.838833999999999
2025-12-24 00:00:00,0.1024632,1.7148056901368656,4.8840792
2025-12-25 00:00:00,0.106113,1.7773893468725241,5.058053
2025-12-26 00:00:00,0.10887659999999999,1.8268139786630537,5.1897846
2025-12-27 00:00:00,0.1112958,1.868216301546864,5.3050998
2025-12-28 00:00:00,0.1133454,1.9030848053182208,5.402797400000001
2025-12-29 00:00:00,0.11504009999999999,1.932604059388126,5.4835781
2025-12-30 00:00:00,0.1166865,1.9620600825521817,5.5620565
2025-12-31 00:00:00,0.11820059999999999,1.988454390099191,5.6342286
2026-01-01 00:00:00,0.1197609,2.014948258729634,5.7086029
2026-01-02 00:00:00,0.12122669999999999,2.0415573459057152,5.7784727
2026-01-03 00:00:00,0.12276390000000001,2.0692131320413405,5.8517459
2026-01-04 00:00:00,0.1242423,2.0952410764103493,5.9222163
2026-01-05 00:00:00,0.1256073,2.1193330825128758,5.987281299999999
2026-01-06 00:00:00,0.12711719999999999,2.146659798893001,6.0592532
2026-01-07 00:00:00,0.1286523,2.1737959794107007,6.1324263
2026-01-08 00:00:00,0.13024619999999998,2.1998640295379053,6.2084022
2026-01-09 00:00:00,0.1322265,2.2350995421298205,6.3027965
2026-01-10 00:00:00,0.134379,2.2724152206127606,6.405399
2026-01-11 00:00:00,0.1364118,2.3052162580322118,6.5022958
2026-01-12 00:00:00,0.1384425,2.338546331664114,6.599092499999999
2026-01-13 00:00:00,0.14032830000000002,2.370723601402015,6.688982299999999
2026-01-14 00:00:00,0.1420734,2.4033736340699856,6.7721654
2026-01-15 00:00:00,0.1437072,2.4330104833269335,6.8500432
2026-01-16 00:00:00,0.1449777,2.4555432597749762,6.910603699999999
2026-01-17 00:00:00,0.1462293,2.476289663901395,6.9702633
2026-01-18 00:00:00,0.1473276,2.4981416262305522,7.0226156
2026-01-19 00:00:00,0.1482705,2.5120580271253123,7.0675605
2026-01-20 00:00:00,0.1492974,2.5294260154520605,7.1165094
2026-01-21 00:00:00,0.1503621,2.5484906392984583,7.1672601
2026-01-22 00:00:00,0.15137219999999998,2.5671132274689223,7.2154082
2026-01-23 00:00:00,0.1524012,2.584480649729104,7.2644572
2026-01-24 00:00:00,0.1534911,2.602740352170274,7.3164090999999996
2026-01-25 00:00:00,0.1547112,2.6236149551015853,7.3745672
2026-01-26 00:00:00,0.15588929999999998,2.6458409528986038,7.4307232999999995
2026-01-27 00:00:00,0.1571157,2.6678203986536446,7.4891817000000005
2026-01-28 00:00:00,0.1582749,2.6882213868379834,7.5444369
2026-01-29 00:00:00,0.15950129999999998,2.7093555147070902,7.6028953
2026-01-30 00:00:00,0.1607172,2.7295093180404906,7.660853199999999
2026-01-31 00:00:00,0.1619856,2.7512497582161046,7.7213136
2026-02-01 00:00:00,0.16319309999999998,2.7717100449069174,7.7788711
2026-02-02 00:00:00,0.1643985,2.7916369250851067,7.8363285
2026-02-03 00:00:00,0.16563329999999998,2.813039765781616,7.8951873
2026-02-04 00:00:00,0.1667862,2.8331015292009267,7.9501422
2026-02-05 00:00:00,0.16789289999999998,2.85136205299992,8.0028949
2026-02-06 00:00:00,0.1689219,2.869374449655135,8.051943900000001
2026-02-07 00:00:00,0.1700643,2.889113803699662,8.1063983
2026-02-08 00:00:00,0.1712193,2.908574022047108,8.1614533
2026-02-09 00:00:00,0.17225250000000003,2.9265980831311658,8.210702500000002
2026-02-10 00:00:00,0.17346630000000002,2.9470383730952316,8.2685603
2026-02-11 00:00:00,0.1747788,2.969181923148335,8.331122800000001
2026-02-12 00:00:00,0.17595060000000004,2.9901578757542757,8.3869786
2026-02-13 00:00:00,0.1771917,3.01057991991372,8.4461377
2026-02-14 00:00:00,0.17834460000000002,3.0300400252187565,8.5010926
2026-02-15 00:00:00,0.1796592,3.0515020970504283,8.5637552
2026-02-16 00:00:00,0.1808079,3.0731413206570415,8.6185099
2026-02-17 00:00:00,0.1818579,3.08971328617851,8.6685599
2026-02-18 00:00:00,0.1807953,3.0806495733332984,8.617909299999999
2026-02-19 00:00:00,0.1737477,2.9234099350099347,8.2819737
2026-02-20 00:00:00,0.1691004,2.8418384089891924,8.0604524
2026-02-21 00:00:00,0.16426410000000002,2.760564311955444,7.8299221
2026-02-22 00:00:00,0.1594341,2.678160375772691,7.5996921
2026-02-23 00:00:00,0.1546041,2.597043629693005,7.3694621
2026-02-24 00:00:00,0.14969849999999998,2.515005267552296,7.1356285
2026-02-25 00:00:00,0.14916300000000002,2.505907036872744,7.1101030000000005
2026-02-26 00:00:00,0.1500072,2.5192698798985265,7.1503432
2026-02-27 00:00:00,0.1507779,2.5320787283859847,7.1870799
2026-02-28 00:00:00,0.1517817,2.55170205354542,7.2349277
2026-03-01 00:00:00,0.1527435,2.568028284143356,7.2807735000000005
2026-03-02 00:00:00,0.1537326,2.5865467265139572,7.327920600000001
2026-03-03 00:00:00,0.1549611,2.6091106343783275,7.3864791
2026-03-04 00:00:00,0.1562442,2.629818560519306,7.4476401999999995
2026-03-05 00:00:00,0.15764910000000001,2.6521115392266443,7.5146071
2026-03-06 00:00:00,0.15913380000000002,2.6762466201175457,7.5853778
2026-03-07 00:00:00,0.16069409999999998,2.702753931831153,7.6597520999999995
2026-03-08 00:00:00,0.1622208,2.7288576862786895,7.7325248
2026-03-09 00:00:00,0.1637139,2.7554439083200735,7.8036959
2026-03-10 00:00:00,0.1652322,2.7839113673611258,7.8760682
2026-03-11 00:00:00,0.1668135,2.8109140301377225,7.9514435
2026-03-12 00:00:00,0.16834229999999997,2.83590966918717,8.024316299999999
2026-03-13 00:00:00,0.16979759999999997,2.8608357985483432,8.093685599999999
2026-03-14 00:00:00,0.17129070000000005,2.8857727537590265,8.164856700000001
2026-03-15 00:00:00,0.17267670000000002,2.908428340522457,8.230922699999999
2026-03-16 00:00:00,0.17412570000000002,2.9336833328097396,8.2999917
2026-03-17 00:00:00,0.17546549999999997,2.955556910899958,8.3638555
